,year,organisation,projects_created,projects_edited,all_sessions,mapped_sessions,validated_sessions,sum_mapped_validated_sessions,cum_sessions,cum_mapped_sessions,cum_validated_sessions,sum_cum_mapped_validated_sessions,filter,tasking_manager_dump_timestamps
0,2012-01-01,0,0,25,2825.0,2387.0,406.0,2793.0,2825.0,2387.0,406.0,2793.0,all,2023-01-02 23:59:40.539208
1,2012-01-01,OSM RDC,1,1,18.0,12.0,5.0,17.0,18.0,12.0,5.0,17.0,all,2023-01-02 23:59:40.539208
2,2013-01-01,0,0,213,33974.0,25686.0,6758.0,32444.0,35064.0,26701.0,6817.0,33518.0,all,2023-01-02 23:59:40.539208
3,2013-01-01,HOT Indonesia,5,5,1943.0,1703.0,240.0,1943.0,1943.0,1703.0,240.0,1943.0,all,2023-01-02 23:59:40.539208
4,2013-01-01,Other,6,6,493.0,409.0,69.0,478.0,493.0,409.0,69.0,478.0,all,2023-01-02 23:59:40.539208
5,2013-01-01,HOT,4,5,257.0,244.0,7.0,251.0,257.0,244.0,7.0,251.0,all,2023-01-02 23:59:40.539208
6,2013-01-01,OSM Burundi,2,2,150.0,110.0,40.0,150.0,150.0,110.0,40.0,150.0,all,2023-01-02 23:59:40.539208
7,2013-01-01,OSM RDC,1,2,148.0,141.0,6.0,147.0,166.0,153.0,11.0,164.0,all,2023-01-02 23:59:40.539208
8,2013-01-01,OSM Bangladesh,1,1,53.0,53.0,0.0,53.0,53.0,53.0,0.0,53.0,all,2023-01-02 23:59:40.539208
9,2014-01-01,0,0,395,95115.0,51277.0,13212.0,64489.0,108889.0,61604.0,15960.0,77564.0,all,2023-01-02 23:59:40.539208
10,2014-01-01,American Red Cross,4,4,1217.0,536.0,15.0,551.0,1217.0,536.0,15.0,551.0,all,2023-01-02 23:59:40.539208
11,2014-01-01,OSM RDC,3,4,724.0,306.0,178.0,484.0,785.0,361.0,183.0,544.0,all,2023-01-02 23:59:40.539208
12,2014-01-01,MÃ©decins Sans FrontiÃ¨res (MSF) ,2,2,657.0,354.0,157.0,511.0,657.0,354.0,157.0,511.0,all,2023-01-02 23:59:40.539208
13,2014-01-01,Other,4,9,505.0,265.0,49.0,314.0,974.0,650.0,118.0,768.0,all,2023-01-02 23:59:40.539208
14,2014-01-01,OSM Brasil,2,2,396.0,234.0,13.0,247.0,396.0,234.0,13.0,247.0,all,2023-01-02 23:59:40.539208
15,2014-01-01,HOT,1,5,180.0,97.0,4.0,101.0,315.0,229.0,7.0,236.0,all,2023-01-02 23:59:40.539208
16,2014-01-01,Kathmandu Living Labs,3,3,129.0,74.0,15.0,89.0,129.0,74.0,15.0,89.0,all,2023-01-02 23:59:40.539208
17,2014-01-01,OSM Togo,1,1,53.0,9.0,1.0,10.0,53.0,9.0,1.0,10.0,all,2023-01-02 23:59:40.539208
18,2014-01-01,World Bank,1,1,28.0,10.0,4.0,14.0,28.0,10.0,4.0,14.0,all,2023-01-02 23:59:40.539208
19,2014-01-01,OSM Mali,1,1,15.0,4.0,0.0,4.0,15.0,4.0,0.0,4.0,all,2023-01-02 23:59:40.539208
20,2014-01-01,HOT Indonesia,1,1,2.0,1.0,0.0,1.0,2.0,1.0,0.0,1.0,all,2023-01-02 23:59:40.539208
21,2015-01-01,0,0,674,237542.0,103226.0,36012.0,139238.0,320631.0,151465.0,46089.0,197554.0,all,2023-01-02 23:59:40.539208
22,2015-01-01,American Red Cross,32,36,17143.0,7891.0,1308.0,9199.0,18360.0,8427.0,1323.0,9750.0,all,2023-01-02 23:59:40.539208
23,2015-01-01,MÃ©decins Sans FrontiÃ¨res (MSF) ,12,13,10988.0,4154.0,1569.0,5723.0,11645.0,4508.0,1726.0,6234.0,all,2023-01-02 23:59:40.539208
24,2015-01-01,OSM Chile,2,2,1915.0,904.0,464.0,1368.0,1915.0,904.0,464.0,1368.0,all,2023-01-02 23:59:40.539208
25,2015-01-01,MapGive,4,4,1665.0,795.0,6.0,801.0,1665.0,795.0,6.0,801.0,all,2023-01-02 23:59:40.539208
26,2015-01-01,OSM Brasil,4,6,1050.0,429.0,122.0,551.0,1446.0,663.0,135.0,798.0,all,2023-01-02 23:59:40.539208
27,2015-01-01,HOT Indonesia,1,2,705.0,474.0,42.0,516.0,707.0,475.0,42.0,517.0,all,2023-01-02 23:59:40.539208
28,2015-01-01,OSM RDC,1,4,590.0,242.0,66.0,308.0,1313.0,548.0,244.0,792.0,all,2023-01-02 23:59:40.539208
29,2015-01-01,HOT,2,6,243.0,47.0,0.0,47.0,534.0,253.0,7.0,260.0,all,2023-01-02 23:59:40.539208
30,2015-01-01,OSM Togo,2,3,202.0,70.0,1.0,71.0,255.0,79.0,2.0,81.0,all,2023-01-02 23:59:40.539208
31,2015-01-01,Peace Corps,1,1,192.0,163.0,4.0,167.0,192.0,163.0,4.0,167.0,all,2023-01-02 23:59:40.539208
32,2015-01-01,Other,3,11,189.0,24.0,9.0,33.0,1176.0,693.0,127.0,820.0,all,2023-01-02 23:59:40.539208
33,2015-01-01,OSM Mexico,1,1,166.0,63.0,6.0,69.0,166.0,63.0,6.0,69.0,all,2023-01-02 23:59:40.539208
34,2015-01-01,OSM Mali,1,2,160.0,14.0,0.0,14.0,175.0,18.0,0.0,18.0,all,2023-01-02 23:59:40.539208
35,2015-01-01,OSM Burkina Faso,1,1,138.0,9.0,2.0,11.0,138.0,9.0,2.0,11.0,all,2023-01-02 23:59:40.539208
36,2015-01-01,Kathmandu Living Labs,0,3,49.0,24.0,4.0,28.0,178.0,98.0,19.0,117.0,all,2023-01-02 23:59:40.539208
37,2015-01-01,YouthMappers,1,1,26.0,4.0,0.0,4.0,26.0,4.0,0.0,4.0,all,2023-01-02 23:59:40.539208
38,2015-01-01,World Bank,0,1,2.0,0.0,0.0,0.0,30.0,10.0,4.0,14.0,all,2023-01-02 23:59:40.539208
39,2015-01-01,OSM Bangladesh,0,1,2.0,0.0,0.0,0.0,55.0,53.0,0.0,53.0,all,2023-01-02 23:59:40.539208
40,2015-01-01,OSM Burundi,0,1,1.0,0.0,0.0,0.0,28.0,27.0,0.0,27.0,all,2023-01-02 23:59:40.539208
41,2016-01-01,0,0,1140,623409.0,294478.0,204663.0,499141.0,824751.0,385573.0,232964.0,618537.0,all,2023-01-02 23:59:40.539208
42,2016-01-01,American Red Cross,69,86,41865.0,21780.0,4344.0,26124.0,52444.0,26343.0,5067.0,31410.0,all,2023-01-02 23:59:40.539208
43,2016-01-01,MÃ©decins Sans FrontiÃ¨res (MSF) ,26,36,26458.0,12672.0,3901.0,16573.0,34721.0,15785.0,4640.0,20425.0,all,2023-01-02 23:59:40.539208
44,2016-01-01,Tanzania Development Trust,3,3,13430.0,5069.0,1515.0,6584.0,13430.0,5069.0,1515.0,6584.0,all,2023-01-02 23:59:40.539208
45,2016-01-01,Clinton Health Access Initiative,12,12,9490.0,4055.0,2471.0,6526.0,9490.0,4055.0,2471.0,6526.0,all,2023-01-02 23:59:40.539208
46,2016-01-01,British Red Cross,4,4,8825.0,3346.0,2411.0,5757.0,8825.0,3346.0,2411.0,5757.0,all,2023-01-02 23:59:40.539208
47,2016-01-01,MapGive,2,5,3252.0,1106.0,1568.0,2674.0,4794.0,1813.0,1568.0,3381.0,all,2023-01-02 23:59:40.539208
48,2016-01-01,Other,3,15,3210.0,1798.0,93.0,1891.0,4344.0,2446.0,220.0,2666.0,all,2023-01-02 23:59:40.539208
49,2016-01-01,HOT,5,10,3103.0,1194.0,419.0,1613.0,3619.0,1430.0,425.0,1855.0,all,2023-01-02 23:59:40.539208
50,2016-01-01,CartONG,5,5,2412.0,983.0,264.0,1247.0,2412.0,983.0,264.0,1247.0,all,2023-01-02 23:59:40.539208
51,2016-01-01,Map Lesotho,3,3,2368.0,1488.0,347.0,1835.0,2368.0,1488.0,347.0,1835.0,all,2023-01-02 23:59:40.539208
52,2016-01-01,PEPFAR,3,3,1549.0,776.0,146.0,922.0,1549.0,776.0,146.0,922.0,all,2023-01-02 23:59:40.539208
53,2016-01-01,OSM RDC,1,5,1520.0,952.0,106.0,1058.0,2683.0,1473.0,353.0,1826.0,all,2023-01-02 23:59:40.539208
54,2016-01-01,OSM Philippines,1,1,1249.0,467.0,0.0,467.0,1249.0,467.0,0.0,467.0,all,2023-01-02 23:59:40.539208
55,2016-01-01,OSM Rwanda,1,1,488.0,175.0,28.0,203.0,488.0,175.0,28.0,203.0,all,2023-01-02 23:59:40.539208
56,2016-01-01,YouthMappers,1,2,438.0,164.0,82.0,246.0,464.0,168.0,82.0,250.0,all,2023-01-02 23:59:40.539208
57,2016-01-01,Netherlands Red Cross,1,1,364.0,225.0,1.0,226.0,364.0,225.0,1.0,226.0,all,2023-01-02 23:59:40.539208
58,2016-01-01,Pan American Development Foundation,1,1,343.0,192.0,3.0,195.0,343.0,192.0,3.0,195.0,all,2023-01-02 23:59:40.539208
59,2016-01-01,United Nations,2,2,303.0,128.0,2.0,130.0,303.0,128.0,2.0,130.0,all,2023-01-02 23:59:40.539208
60,2016-01-01,OSM Mali,0,2,273.0,150.0,0.0,150.0,448.0,168.0,0.0,168.0,all,2023-01-02 23:59:40.539208
61,2016-01-01,HOT Indonesia,0,4,231.0,25.0,23.0,48.0,1806.0,1368.0,65.0,1433.0,all,2023-01-02 23:59:40.539208
62,2016-01-01,OSM Brasil,0,6,223.0,68.0,17.0,85.0,1669.0,731.0,152.0,883.0,all,2023-01-02 23:59:40.539208
63,2016-01-01,World Bank,0,1,147.0,20.0,0.0,20.0,177.0,30.0,4.0,34.0,all,2023-01-02 23:59:40.539208
64,2016-01-01,OSM Togo,0,3,53.0,14.0,1.0,15.0,308.0,93.0,3.0,96.0,all,2023-01-02 23:59:40.539208
65,2016-01-01,OSM Mexico,0,1,36.0,7.0,0.0,7.0,202.0,70.0,6.0,76.0,all,2023-01-02 23:59:40.539208
66,2016-01-01,Kathmandu Living Labs,0,1,14.0,4.0,3.0,7.0,100.0,37.0,7.0,44.0,all,2023-01-02 23:59:40.539208
67,2016-01-01,OSM Burundi,0,1,13.0,3.0,0.0,3.0,41.0,30.0,0.0,30.0,all,2023-01-02 23:59:40.539208
68,2016-01-01,OSM Burkina Faso,0,1,5.0,0.0,0.0,0.0,143.0,9.0,2.0,11.0,all,2023-01-02 23:59:40.539208
69,2016-01-01,Peace Corps,0,1,2.0,0.0,0.0,0.0,194.0,163.0,4.0,167.0,all,2023-01-02 23:59:40.539208
70,2016-01-01,OSM Chile,0,1,1.0,0.0,0.0,0.0,1621.0,779.0,365.0,1144.0,all,2023-01-02 23:59:40.539208
71,2017-01-01,0,0,1384,1083095.0,717038.0,223151.0,940189.0,1354812.0,844751.0,263385.0,1108136.0,all,2023-01-02 23:59:40.539208
72,2017-01-01,HOT,46,57,96024.0,43036.0,29932.0,72968.0,99631.0,44460.0,30358.0,74818.0,all,2023-01-02 23:59:40.539208
73,2017-01-01,American Red Cross,119,153,95529.0,52177.0,13806.0,65983.0,132067.0,70159.0,16360.0,86519.0,all,2023-01-02 23:59:40.539208
74,2017-01-01,MÃ©decins Sans FrontiÃ¨res (MSF) ,30,51,68201.0,37841.0,11050.0,48891.0,89046.0,47451.0,13587.0,61038.0,all,2023-01-02 23:59:40.539208
75,2017-01-01,Tanzania Development Trust,17,20,50430.0,23992.0,5228.0,29220.0,63860.0,29061.0,6743.0,35804.0,all,2023-01-02 23:59:40.539208
76,2017-01-01,OSM Mexico,36,37,46920.0,20519.0,14913.0,35432.0,47122.0,20589.0,14919.0,35508.0,all,2023-01-02 23:59:40.539208
77,2017-01-01,Netherlands Red Cross,30,28,24853.0,13340.0,2502.0,15842.0,25217.0,13565.0,2503.0,16068.0,all,2023-01-02 23:59:40.539208
78,2017-01-01,Kathmandu Living Labs,10,13,23035.0,9023.0,2060.0,11083.0,23227.0,9125.0,2082.0,11207.0,all,2023-01-02 23:59:40.539208
79,2017-01-01,CartONG,13,18,17100.0,8156.0,3268.0,11424.0,19512.0,9139.0,3532.0,12671.0,all,2023-01-02 23:59:40.539208
80,2017-01-01,Clinton Health Access Initiative,5,7,15191.0,7512.0,5867.0,13379.0,16399.0,8065.0,6026.0,14091.0,all,2023-01-02 23:59:40.539208
81,2017-01-01,OSM Bangladesh,9,10,10707.0,4370.0,3450.0,7820.0,10762.0,4423.0,3450.0,7873.0,all,2023-01-02 23:59:40.539208
82,2017-01-01,USAID,4,3,7845.0,3136.0,2035.0,5171.0,7845.0,3136.0,2035.0,5171.0,all,2023-01-02 23:59:40.539208
83,2017-01-01,British Red Cross,6,7,7009.0,2686.0,574.0,3260.0,8221.0,3218.0,947.0,4165.0,all,2023-01-02 23:59:40.539208
84,2017-01-01,PEPFAR,4,7,5986.0,2610.0,638.0,3248.0,7535.0,3386.0,784.0,4170.0,all,2023-01-02 23:59:40.539208
85,2017-01-01,Map Lesotho,8,9,5916.0,2783.0,1366.0,4149.0,8284.0,4271.0,1713.0,5984.0,all,2023-01-02 23:59:40.539208
86,2017-01-01,Other,11,26,5482.0,2457.0,772.0,3229.0,9826.0,4903.0,992.0,5895.0,all,2023-01-02 23:59:40.539208
87,2017-01-01,YouthMappers,14,13,3802.0,1609.0,236.0,1845.0,4063.0,1683.0,270.0,1953.0,all,2023-01-02 23:59:40.539208
88,2017-01-01,OSM Niger,5,5,3798.0,1631.0,1163.0,2794.0,3798.0,1631.0,1163.0,2794.0,all,2023-01-02 23:59:40.539208
89,2017-01-01,United Nations,2,4,2843.0,1681.0,536.0,2217.0,3146.0,1809.0,538.0,2347.0,all,2023-01-02 23:59:40.539208
90,2017-01-01,OSM Mali,5,7,2412.0,1230.0,654.0,1884.0,2860.0,1398.0,654.0,2052.0,all,2023-01-02 23:59:40.539208
91,2017-01-01,IFRC,1,1,2070.0,686.0,603.0,1289.0,2070.0,686.0,603.0,1289.0,all,2023-01-02 23:59:40.539208
92,2017-01-01,MENTOR,2,2,1257.0,865.0,108.0,973.0,1257.0,865.0,108.0,973.0,all,2023-01-02 23:59:40.539208
93,2017-01-01,OSM Madagascar,1,1,1224.0,528.0,401.0,929.0,1224.0,528.0,401.0,929.0,all,2023-01-02 23:59:40.539208
94,2017-01-01,OSM RDC,4,8,1052.0,625.0,97.0,722.0,2958.0,1788.0,372.0,2160.0,all,2023-01-02 23:59:40.539208
95,2017-01-01,OSM Burkina Faso,2,3,991.0,571.0,12.0,583.0,1134.0,580.0,14.0,594.0,all,2023-01-02 23:59:40.539208
96,2017-01-01,World Bank,1,2,834.0,232.0,61.0,293.0,1011.0,262.0,65.0,327.0,all,2023-01-02 23:59:40.539208
97,2017-01-01,Yer Cizenler,1,1,773.0,364.0,237.0,601.0,773.0,364.0,237.0,601.0,all,2023-01-02 23:59:40.539208
98,2017-01-01,OSM Togo,2,5,688.0,412.0,2.0,414.0,996.0,505.0,5.0,510.0,all,2023-01-02 23:59:40.539208
99,2017-01-01,OSM Zambia,2,2,613.0,414.0,28.0,442.0,613.0,414.0,28.0,442.0,all,2023-01-02 23:59:40.539208
100,2017-01-01,MapUganda,2,2,546.0,403.0,14.0,417.0,546.0,403.0,14.0,417.0,all,2023-01-02 23:59:40.539208
101,2017-01-01,OSM Philippines,0,1,296.0,241.0,37.0,278.0,1545.0,708.0,37.0,745.0,all,2023-01-02 23:59:40.539208
102,2017-01-01,MapGive,0,6,271.0,177.0,2.0,179.0,5188.0,2078.0,1576.0,3654.0,all,2023-01-02 23:59:40.539208
103,2017-01-01,Pan American Development Foundation,0,1,260.0,118.0,31.0,149.0,603.0,310.0,34.0,344.0,all,2023-01-02 23:59:40.539208
104,2017-01-01,OSM Brasil,0,6,241.0,90.0,29.0,119.0,1910.0,821.0,181.0,1002.0,all,2023-01-02 23:59:40.539208
105,2017-01-01,Map Kibera,1,1,179.0,83.0,0.0,83.0,179.0,83.0,0.0,83.0,all,2023-01-02 23:59:40.539208
106,2017-01-01,GISCorps,1,1,159.0,82.0,39.0,121.0,159.0,82.0,39.0,121.0,all,2023-01-02 23:59:40.539208
107,2017-01-01,Missing Maps,1,1,70.0,2.0,0.0,2.0,70.0,2.0,0.0,2.0,all,2023-01-02 23:59:40.539208
108,2017-01-01,OSM Burundi,0,2,62.0,9.0,37.0,46.0,226.0,122.0,77.0,199.0,all,2023-01-02 23:59:40.539208
109,2017-01-01,HOT Indonesia,0,2,17.0,4.0,0.0,4.0,952.0,504.0,65.0,569.0,all,2023-01-02 23:59:40.539208
110,2017-01-01,OSM Rwanda,0,1,15.0,4.0,3.0,7.0,503.0,179.0,31.0,210.0,all,2023-01-02 23:59:40.539208
111,2017-01-01,OSM Chile,0,1,4.0,1.0,2.0,3.0,299.0,126.0,101.0,227.0,all,2023-01-02 23:59:40.539208
112,2018-01-01,HOT,287,305,377639.0,225112.0,102715.0,327827.0,393506.0,233616.0,105012.0,338628.0,all,2023-01-02 23:59:40.539208
113,2018-01-01,American Red Cross,118,227,200596.0,67478.0,63235.0,130713.0,324147.0,134770.0,75855.0,210625.0,all,2023-01-02 23:59:40.539208
114,2018-01-01,Tanzania Development Trust,62,77,173585.0,85234.0,29241.0,114475.0,234704.0,112936.0,35320.0,148256.0,all,2023-01-02 23:59:40.539208
115,2018-01-01,Other,69,90,80752.0,36940.0,27388.0,64328.0,89884.0,41496.0,28348.0,69844.0,all,2023-01-02 23:59:40.539208
116,2018-01-01,MÃ©decins Sans FrontiÃ¨res (MSF) ,67,105,75301.0,37190.0,11511.0,48701.0,133324.0,69006.0,18914.0,87920.0,all,2023-01-02 23:59:40.539208
117,2018-01-01,0,0,564,60117.0,22596.0,14619.0,37215.0,271579.0,121666.0,36807.0,158473.0,all,2023-01-02 23:59:40.539208
118,2018-01-01,CartONG,57,68,49549.0,21495.0,17292.0,38787.0,63919.0,28476.0,20098.0,48574.0,all,2023-01-02 23:59:40.539208
119,2018-01-01,OpenMap Development Tanzania,113,108,40311.0,25118.0,5519.0,30637.0,40311.0,25118.0,5519.0,30637.0,all,2023-01-02 23:59:40.539208
120,2018-01-01,OSM India,18,18,40180.0,18176.0,6762.0,24938.0,40180.0,18176.0,6762.0,24938.0,all,2023-01-02 23:59:40.539208
121,2018-01-01,Netherlands Red Cross,31,53,33692.0,11632.0,8923.0,20555.0,53561.0,21356.0,10808.0,32164.0,all,2023-01-02 23:59:40.539208
122,2018-01-01,OSM Philippines,9,7,33490.0,13072.0,10746.0,23818.0,33490.0,13072.0,10746.0,23818.0,all,2023-01-02 23:59:40.539208
123,2018-01-01,Crisis Mappers Japan,21,21,27639.0,11781.0,9136.0,20917.0,27639.0,11781.0,9136.0,20917.0,all,2023-01-02 23:59:40.539208
124,2018-01-01,OSM RDC,73,77,25308.0,11498.0,8980.0,20478.0,27148.0,12521.0,9165.0,21686.0,all,2023-01-02 23:59:40.539208
125,2018-01-01,Kaart,160,143,21964.0,15441.0,3721.0,19162.0,21964.0,15441.0,3721.0,19162.0,all,2023-01-02 23:59:40.539208
126,2018-01-01,OSM Congo,18,17,20994.0,8452.0,4526.0,12978.0,20994.0,8452.0,4526.0,12978.0,all,2023-01-02 23:59:40.539208
127,2018-01-01,YouthMappers,28,41,15034.0,5575.0,2398.0,7973.0,19300.0,7352.0,2716.0,10068.0,all,2023-01-02 23:59:40.539208
128,2018-01-01,Peace Corps,5,6,14597.0,6357.0,6518.0,12875.0,14791.0,6520.0,6522.0,13042.0,all,2023-01-02 23:59:40.539208
129,2018-01-01,OSM Zambia,9,11,9501.0,4757.0,3636.0,8393.0,10114.0,5171.0,3664.0,8835.0,all,2023-01-02 23:59:40.539208
130,2018-01-01,OSM Mexico,1,9,9130.0,3637.0,4162.0,7799.0,22304.0,9591.0,7337.0,16928.0,all,2023-01-02 23:59:40.539208
131,2018-01-01,Clinton Health Access Initiative,16,18,6631.0,2564.0,2514.0,5078.0,10941.0,5022.0,4017.0,9039.0,all,2023-01-02 23:59:40.539208
132,2018-01-01,British Red Cross,2,7,6218.0,3345.0,771.0,4116.0,12050.0,5518.0,863.0,6381.0,all,2023-01-02 23:59:40.539208
133,2018-01-01,HOT Indonesia,14,16,5904.0,2821.0,1993.0,4814.0,6856.0,3325.0,2058.0,5383.0,all,2023-01-02 23:59:40.539208
134,2018-01-01,OSM Guinea,2,2,5710.0,3309.0,728.0,4037.0,5710.0,3309.0,728.0,4037.0,all,2023-01-02 23:59:40.539208
135,2018-01-01,USAID,8,10,5270.0,2398.0,555.0,2953.0,11057.0,4600.0,1971.0,6571.0,all,2023-01-02 23:59:40.539208
136,2018-01-01,Akros,7,5,3986.0,2243.0,1175.0,3418.0,3986.0,2243.0,1175.0,3418.0,all,2023-01-02 23:59:40.539208
137,2018-01-01,Map Kibera,8,7,3773.0,1595.0,567.0,2162.0,3952.0,1678.0,567.0,2245.0,all,2023-01-02 23:59:40.539208
138,2018-01-01,UP NOAH,23,15,3719.0,2044.0,557.0,2601.0,3719.0,2044.0,557.0,2601.0,all,2023-01-02 23:59:40.539208
139,2018-01-01,OSM Mali,0,5,3461.0,2637.0,112.0,2749.0,5320.0,3625.0,231.0,3856.0,all,2023-01-02 23:59:40.539208
140,2018-01-01,OSM Niger,3,5,3038.0,912.0,941.0,1853.0,5925.0,2108.0,1971.0,4079.0,all,2023-01-02 23:59:40.539208
141,2018-01-01,OSM Liberia,8,8,2762.0,1561.0,589.0,2150.0,2762.0,1561.0,589.0,2150.0,all,2023-01-02 23:59:40.539208
142,2018-01-01,Kathmandu Living Labs,1,12,2757.0,318.0,1422.0,1740.0,25904.0,9403.0,3501.0,12904.0,all,2023-01-02 23:59:40.539208
143,2018-01-01,OSM Peru,8,8,2325.0,1109.0,1005.0,2114.0,2325.0,1109.0,1005.0,2114.0,all,2023-01-02 23:59:40.539208
144,2018-01-01,MapAmðŸ’œre,4,4,1968.0,799.0,541.0,1340.0,1968.0,799.0,541.0,1340.0,all,2023-01-02 23:59:40.539208
145,2018-01-01,MapUganda,4,6,1854.0,940.0,486.0,1426.0,2400.0,1343.0,500.0,1843.0,all,2023-01-02 23:59:40.539208
146,2018-01-01,Canadian Red Cross,7,7,1683.0,827.0,645.0,1472.0,1683.0,827.0,645.0,1472.0,all,2023-01-02 23:59:40.539208
147,2018-01-01,OSM Ghana,5,5,1601.0,600.0,318.0,918.0,1601.0,600.0,318.0,918.0,all,2023-01-02 23:59:40.539208
148,2018-01-01,LISGIS,4,4,1536.0,779.0,472.0,1251.0,1536.0,779.0,472.0,1251.0,all,2023-01-02 23:59:40.539208
149,2018-01-01,OSM Ukraine,1,1,1505.0,1186.0,31.0,1217.0,1505.0,1186.0,31.0,1217.0,all,2023-01-02 23:59:40.539208
150,2018-01-01,Geosynapse Guinea,3,3,1412.0,918.0,87.0,1005.0,1412.0,918.0,87.0,1005.0,all,2023-01-02 23:59:40.539208
151,2018-01-01,MapTime,8,8,1347.0,740.0,347.0,1087.0,1347.0,740.0,347.0,1087.0,all,2023-01-02 23:59:40.539208
152,2018-01-01,Missing Maps,4,5,1329.0,514.0,133.0,647.0,1399.0,516.0,133.0,649.0,all,2023-01-02 23:59:40.539208
153,2018-01-01,IFRC,3,3,1261.0,521.0,58.0,579.0,1261.0,521.0,58.0,579.0,all,2023-01-02 23:59:40.539208
154,2018-01-01,Bridges to Prosperity,6,6,1251.0,660.0,59.0,719.0,1251.0,660.0,59.0,719.0,all,2023-01-02 23:59:40.539208
155,2018-01-01,OSM Benin,4,4,1228.0,927.0,150.0,1077.0,1228.0,927.0,150.0,1077.0,all,2023-01-02 23:59:40.539208
156,2018-01-01,PEPFAR,0,6,1190.0,261.0,220.0,481.0,6551.0,2673.0,853.0,3526.0,all,2023-01-02 23:59:40.539208
157,2018-01-01,HOT Uganda,2,2,1179.0,529.0,475.0,1004.0,1179.0,529.0,475.0,1004.0,all,2023-01-02 23:59:40.539208
158,2018-01-01,Geochicas,3,3,1124.0,596.0,239.0,835.0,1124.0,596.0,239.0,835.0,all,2023-01-02 23:59:40.539208
159,2018-01-01,OSM Somalia,4,4,1077.0,363.0,195.0,558.0,1077.0,363.0,195.0,558.0,all,2023-01-02 23:59:40.539208
160,2018-01-01,OSM Bangladesh,1,3,1002.0,418.0,451.0,869.0,1802.0,816.0,506.0,1322.0,all,2023-01-02 23:59:40.539208
161,2018-01-01,United Nations,0,1,861.0,606.0,78.0,684.0,1851.0,1241.0,91.0,1332.0,all,2023-01-02 23:59:40.539208
162,2018-01-01,OSM Sweden,2,2,700.0,513.0,125.0,638.0,700.0,513.0,125.0,638.0,all,2023-01-02 23:59:40.539208
163,2018-01-01,World Bank,3,4,700.0,180.0,26.0,206.0,1044.0,298.0,87.0,385.0,all,2023-01-02 23:59:40.539208
164,2018-01-01,Map Lesotho,0,10,696.0,439.0,39.0,478.0,8947.0,4696.0,1752.0,6448.0,all,2023-01-02 23:59:40.539208
165,2018-01-01,Gal School Peru,1,1,643.0,307.0,56.0,363.0,643.0,307.0,56.0,363.0,all,2023-01-02 23:59:40.539208
166,2018-01-01,OSM Sri Lanka,3,3,599.0,318.0,162.0,480.0,599.0,318.0,162.0,480.0,all,2023-01-02 23:59:40.539208
167,2018-01-01,OSM Burkina Faso,2,5,571.0,184.0,67.0,251.0,1705.0,764.0,81.0,845.0,all,2023-01-02 23:59:40.539208
168,2018-01-01,Concern Worldwide,2,2,447.0,225.0,35.0,260.0,447.0,225.0,35.0,260.0,all,2023-01-02 23:59:40.539208
169,2018-01-01,OSM Sierra Leone,1,1,306.0,134.0,37.0,171.0,306.0,134.0,37.0,171.0,all,2023-01-02 23:59:40.539208
170,2018-01-01,OSM Togo,1,6,242.0,27.0,1.0,28.0,1238.0,532.0,6.0,538.0,all,2023-01-02 23:59:40.539208
171,2018-01-01,Pan American Development Foundation,0,1,197.0,2.0,82.0,84.0,800.0,312.0,116.0,428.0,all,2023-01-02 23:59:40.539208
172,2018-01-01,MENTOR,0,2,137.0,62.0,47.0,109.0,1394.0,927.0,155.0,1082.0,all,2023-01-02 23:59:40.539208
173,2018-01-01,GISCorps,0,1,110.0,55.0,36.0,91.0,269.0,137.0,75.0,212.0,all,2023-01-02 23:59:40.539208
174,2018-01-01,OSM Brasil,0,5,76.0,16.0,2.0,18.0,1746.0,725.0,138.0,863.0,all,2023-01-02 23:59:40.539208
175,2018-01-01,Mapillary,5,4,54.0,10.0,0.0,10.0,54.0,10.0,0.0,10.0,all,2023-01-02 23:59:40.539208
176,2018-01-01,OSM Burundi,0,1,51.0,4.0,7.0,11.0,116.0,43.0,7.0,50.0,all,2023-01-02 23:59:40.539208
177,2018-01-01,MapGive,0,3,25.0,0.0,0.0,0.0,4645.0,1620.0,1567.0,3187.0,all,2023-01-02 23:59:40.539208
178,2018-01-01,OSM Madagascar,0,1,23.0,13.0,4.0,17.0,1247.0,541.0,405.0,946.0,all,2023-01-02 23:59:40.539208
179,2018-01-01,OSM Chile,0,2,19.0,0.0,17.0,17.0,1939.0,905.0,483.0,1388.0,all,2023-01-02 23:59:40.539208
180,2018-01-01,OSM Rwanda,0,1,9.0,3.0,0.0,3.0,512.0,182.0,31.0,213.0,all,2023-01-02 23:59:40.539208
181,2019-01-01,MÃ©decins Sans FrontiÃ¨res (MSF) ,150,198,187402.0,94949.0,43064.0,138013.0,286523.0,146123.0,52819.0,198942.0,all,2023-01-02 23:59:40.539208
182,2019-01-01,Missing Maps,63,63,150834.0,72150.0,43612.0,115762.0,151607.0,72510.0,43649.0,116159.0,all,2023-01-02 23:59:40.539208
183,2019-01-01,American Red Cross,44,193,137918.0,54045.0,25899.0,79944.0,340511.0,137729.0,62396.0,200125.0,all,2023-01-02 23:59:40.539208
184,2019-01-01,Tanzania Development Trust,19,49,127718.0,60313.0,30733.0,91046.0,299266.0,145352.0,45772.0,191124.0,all,2023-01-02 23:59:40.539208
185,2019-01-01,HOT,68,138,123572.0,42843.0,50291.0,93134.0,192379.0,83190.0,60098.0,143288.0,all,2023-01-02 23:59:40.539208
186,2019-01-01,YouthMappers,20,43,68335.0,13089.0,3882.0,16971.0,83003.0,18581.0,4966.0,23547.0,all,2023-01-02 23:59:40.539208
187,2019-01-01,Other,102,151,66651.0,22885.0,21815.0,44700.0,94486.0,37436.0,25480.0,62916.0,all,2023-01-02 23:59:40.539208
188,2019-01-01,OSM Liberia,47,54,54729.0,22877.0,23028.0,45905.0,57480.0,24436.0,23617.0,48053.0,all,2023-01-02 23:59:40.539208
189,2019-01-01,OpenMap Development Tanzania,42,112,43543.0,15369.0,15904.0,31273.0,72811.0,33258.0,18408.0,51666.0,all,2023-01-02 23:59:40.539208
190,2019-01-01,OSM India,8,14,37967.0,17273.0,4228.0,21501.0,52044.0,23581.0,5088.0,28669.0,all,2023-01-02 23:59:40.539208
191,2019-01-01,HOT Philippines,15,11,36721.0,16917.0,8410.0,25327.0,36721.0,16917.0,8410.0,25327.0,all,2023-01-02 23:59:40.539208
192,2019-01-01,Crisis Mappers Japan,13,19,29432.0,10640.0,3538.0,14178.0,35967.0,12722.0,4832.0,17554.0,all,2023-01-02 23:59:40.539208
193,2019-01-01,CartONG,23,53,25237.0,9500.0,9825.0,19325.0,56860.0,23601.0,17369.0,40970.0,all,2023-01-02 23:59:40.539208
194,2019-01-01,Netherlands Red Cross,23,52,20718.0,7023.0,3083.0,10106.0,47104.0,17732.0,6354.0,24086.0,all,2023-01-02 23:59:40.539208
195,2019-01-01,0,0,412,20130.0,6722.0,4724.0,11446.0,219406.0,91158.0,27681.0,118839.0,all,2023-01-02 23:59:40.539208
196,2019-01-01,Gal School Peru,13,14,17244.0,4960.0,2461.0,7421.0,17887.0,5267.0,2517.0,7784.0,all,2023-01-02 23:59:40.539208
197,2019-01-01,INTEGRATION Consulting Group,828,768,16525.0,12370.0,2688.0,15058.0,16525.0,12370.0,2688.0,15058.0,all,2023-01-02 23:59:40.539208
198,2019-01-01,Clinton Health Access Initiative,46,50,16400.0,5503.0,5653.0,11156.0,20119.0,7139.0,6800.0,13939.0,all,2023-01-02 23:59:40.539208
199,2019-01-01,Kaart,1,78,16281.0,9791.0,2977.0,12768.0,30400.0,19278.0,5838.0,25116.0,all,2023-01-02 23:59:40.539208
200,2019-01-01,OSM Kenya,3,3,12940.0,2383.0,137.0,2520.0,12940.0,2383.0,137.0,2520.0,all,2023-01-02 23:59:40.539208
201,2019-01-01,United Nations,22,20,11259.0,5495.0,2667.0,8162.0,13110.0,6736.0,2758.0,9494.0,all,2023-01-02 23:59:40.539208
202,2019-01-01,World Bank,2,4,10915.0,2193.0,109.0,2302.0,11432.0,2278.0,113.0,2391.0,all,2023-01-02 23:59:40.539208
203,2019-01-01,Yer Cizenler,4,5,9706.0,3469.0,2026.0,5495.0,10479.0,3833.0,2263.0,6096.0,all,2023-01-02 23:59:40.539208
204,2019-01-01,OSM Colombia,6,4,8746.0,3406.0,596.0,4002.0,8746.0,3406.0,596.0,4002.0,all,2023-01-02 23:59:40.539208
205,2019-01-01,OSM RDC,9,20,7744.0,3291.0,1042.0,4333.0,9939.0,4304.0,1386.0,5690.0,all,2023-01-02 23:59:40.539208
206,2019-01-01,OSM Sri Lanka,7,9,6768.0,2274.0,40.0,2314.0,6971.0,2422.0,40.0,2462.0,all,2023-01-02 23:59:40.539208
207,2019-01-01,German Red Cross,1,1,6528.0,3132.0,164.0,3296.0,6528.0,3132.0,164.0,3296.0,all,2023-01-02 23:59:40.539208
208,2019-01-01,IFRC,11,14,6064.0,3182.0,833.0,4015.0,7325.0,3703.0,891.0,4594.0,all,2023-01-02 23:59:40.539208
209,2019-01-01,OSM Congo,4,8,5098.0,1713.0,1362.0,3075.0,11304.0,4103.0,2624.0,6727.0,all,2023-01-02 23:59:40.539208
210,2019-01-01,Akros,39,35,4513.0,2747.0,1269.0,4016.0,7879.0,4554.0,2358.0,6912.0,all,2023-01-02 23:59:40.539208
211,2019-01-01,OSM Albania,1,1,4271.0,1320.0,595.0,1915.0,4271.0,1320.0,595.0,1915.0,all,2023-01-02 23:59:40.539208
212,2019-01-01,British Red Cross,1,7,2887.0,947.0,279.0,1226.0,13710.0,5642.0,1119.0,6761.0,all,2023-01-02 23:59:40.539208
213,2019-01-01,LISGIS,1,5,2144.0,1370.0,352.0,1722.0,3680.0,2149.0,824.0,2973.0,all,2023-01-02 23:59:40.539208
214,2019-01-01,UP NOAH,1,4,2073.0,1096.0,177.0,1273.0,4054.0,2311.0,214.0,2525.0,all,2023-01-02 23:59:40.539208
215,2019-01-01,OSM Ghana,4,7,1965.0,1061.0,376.0,1437.0,3000.0,1456.0,578.0,2034.0,all,2023-01-02 23:59:40.539208
216,2019-01-01,Grab,1,1,1683.0,506.0,109.0,615.0,1683.0,506.0,109.0,615.0,all,2023-01-02 23:59:40.539208
217,2019-01-01,Canadian Red Cross,7,8,1618.0,757.0,545.0,1302.0,1830.0,879.0,555.0,1434.0,all,2023-01-02 23:59:40.539208
218,2019-01-01,OSM CÃ´te d'Ivoire,1,1,1574.0,493.0,131.0,624.0,1574.0,493.0,131.0,624.0,all,2023-01-02 23:59:40.539208
219,2019-01-01,OSM Guinea,0,2,1540.0,405.0,867.0,1272.0,7250.0,3714.0,1595.0,5309.0,all,2023-01-02 23:59:40.539208
220,2019-01-01,MapAmðŸ’œre,2,2,1375.0,714.0,68.0,782.0,1375.0,714.0,68.0,782.0,all,2023-01-02 23:59:40.539208
221,2019-01-01,OSM Mali,0,5,1322.0,578.0,27.0,605.0,6642.0,4203.0,258.0,4461.0,all,2023-01-02 23:59:40.539208
222,2019-01-01,Geosynapse Guinea,2,4,1257.0,531.0,116.0,647.0,2612.0,1448.0,203.0,1651.0,all,2023-01-02 23:59:40.539208
223,2019-01-01,MapUganda,3,7,1116.0,870.0,16.0,886.0,2431.0,1621.0,269.0,1890.0,all,2023-01-02 23:59:40.539208
224,2019-01-01,OSM Zambia,3,6,1084.0,731.0,68.0,799.0,2643.0,1653.0,269.0,1922.0,all,2023-01-02 23:59:40.539208
225,2019-01-01,Kathmandu Living Labs,0,9,953.0,460.0,365.0,825.0,24053.0,8785.0,3609.0,12394.0,all,2023-01-02 23:59:40.539208
226,2019-01-01,PEPFAR,7,10,805.0,171.0,132.0,303.0,9530.0,3818.0,1136.0,4954.0,all,2023-01-02 23:59:40.539208
227,2019-01-01,OSM Bangladesh,2,2,620.0,367.0,184.0,551.0,620.0,367.0,184.0,551.0,all,2023-01-02 23:59:40.539208
228,2019-01-01,Geochicas,0,3,617.0,224.0,246.0,470.0,1741.0,820.0,485.0,1305.0,all,2023-01-02 23:59:40.539208
229,2019-01-01,OSM Madagascar,1,2,585.0,160.0,20.0,180.0,1832.0,701.0,425.0,1126.0,all,2023-01-02 23:59:40.539208
230,2019-01-01,Map Lesotho,0,7,516.0,350.0,15.0,365.0,7284.0,3748.0,1498.0,5246.0,all,2023-01-02 23:59:40.539208
231,2019-01-01,OSM Cameroon,1,1,393.0,301.0,9.0,310.0,393.0,301.0,9.0,310.0,all,2023-01-02 23:59:40.539208
232,2019-01-01,Pan American Development Foundation,1,2,380.0,246.0,1.0,247.0,1180.0,558.0,117.0,675.0,all,2023-01-02 23:59:40.539208
233,2019-01-01,HOT Indonesia,2,7,369.0,178.0,11.0,189.0,2525.0,1760.0,199.0,1959.0,all,2023-01-02 23:59:40.539208
234,2019-01-01,OSM Niger,0,3,358.0,114.0,154.0,268.0,2826.0,1079.0,989.0,2068.0,all,2023-01-02 23:59:40.539208
235,2019-01-01,OSM Benin,2,3,355.0,223.0,62.0,285.0,620.0,466.0,70.0,536.0,all,2023-01-02 23:59:40.539208
236,2019-01-01,GeolabUdea,4,4,299.0,52.0,0.0,52.0,299.0,52.0,0.0,52.0,all,2023-01-02 23:59:40.539208
237,2019-01-01,Spanish Red Cross,2,2,234.0,91.0,0.0,91.0,234.0,91.0,0.0,91.0,all,2023-01-02 23:59:40.539208
238,2019-01-01,OSM Philippines,0,4,215.0,11.0,65.0,76.0,20058.0,7879.0,6161.0,14040.0,all,2023-01-02 23:59:40.539208
239,2019-01-01,UN OCHA,1,1,195.0,74.0,0.0,74.0,195.0,74.0,0.0,74.0,all,2023-01-02 23:59:40.539208
240,2019-01-01,OSM Zimbabwe,1,1,182.0,65.0,0.0,65.0,182.0,65.0,0.0,65.0,all,2023-01-02 23:59:40.539208
241,2019-01-01,OSM Brasil,0,5,173.0,38.0,2.0,40.0,1919.0,763.0,140.0,903.0,all,2023-01-02 23:59:40.539208
242,2019-01-01,Map Kibera,0,5,166.0,28.0,0.0,28.0,3190.0,1313.0,227.0,1540.0,all,2023-01-02 23:59:40.539208
243,2019-01-01,OSM Togo,0,5,159.0,9.0,0.0,9.0,1382.0,534.0,6.0,540.0,all,2023-01-02 23:59:40.539208
244,2019-01-01,Concern Worldwide,0,2,158.0,5.0,0.0,5.0,605.0,230.0,35.0,265.0,all,2023-01-02 23:59:40.539208
245,2019-01-01,OSM Mexico,0,3,145.0,27.0,56.0,83.0,7919.0,3098.0,2121.0,5219.0,all,2023-01-02 23:59:40.539208
246,2019-01-01,Public Lab Mongolia,2,2,137.0,74.0,0.0,74.0,137.0,74.0,0.0,74.0,all,2023-01-02 23:59:40.539208
247,2019-01-01,MapTime,0,5,116.0,33.0,43.0,76.0,742.0,358.0,150.0,508.0,all,2023-01-02 23:59:40.539208
248,2019-01-01,OSM Burkina Faso,0,5,76.0,3.0,18.0,21.0,1781.0,767.0,99.0,866.0,all,2023-01-02 23:59:40.539208
249,2019-01-01,Mapillary,0,3,46.0,5.0,0.0,5.0,90.0,13.0,0.0,13.0,all,2023-01-02 23:59:40.539208
250,2019-01-01,Bridges to Prosperity,2,5,45.0,17.0,1.0,18.0,962.0,524.0,27.0,551.0,all,2023-01-02 23:59:40.539208
251,2019-01-01,OSM Burundi,0,1,45.0,4.0,0.0,4.0,161.0,47.0,7.0,54.0,all,2023-01-02 23:59:40.539208
252,2019-01-01,MapGive,0,3,38.0,0.0,17.0,17.0,684.0,309.0,58.0,367.0,all,2023-01-02 23:59:40.539208
253,2019-01-01,Peace Corps,0,3,36.0,2.0,19.0,21.0,8703.0,4026.0,3811.0,7837.0,all,2023-01-02 23:59:40.539208
254,2019-01-01,USAID,0,5,36.0,11.0,3.0,14.0,1695.0,1083.0,20.0,1103.0,all,2023-01-02 23:59:40.539208
255,2019-01-01,OSM Somalia,0,1,35.0,2.0,14.0,16.0,205.0,113.0,48.0,161.0,all,2023-01-02 23:59:40.539208
256,2019-01-01,Meta,1,1,28.0,17.0,0.0,17.0,28.0,17.0,0.0,17.0,all,2023-01-02 23:59:40.539208
257,2019-01-01,HOT Uganda,1,2,18.0,1.0,1.0,2.0,607.0,271.0,211.0,482.0,all,2023-01-02 23:59:40.539208
258,2019-01-01,OSM Ukraine,0,1,17.0,0.0,10.0,10.0,1522.0,1186.0,41.0,1227.0,all,2023-01-02 23:59:40.539208
259,2019-01-01,OSM Rwanda,0,1,16.0,1.0,0.0,1.0,528.0,183.0,31.0,214.0,all,2023-01-02 23:59:40.539208
260,2019-01-01,OSM Sierra Leone,0,1,10.0,4.0,4.0,8.0,316.0,138.0,41.0,179.0,all,2023-01-02 23:59:40.539208
261,2019-01-01,MENTOR,0,2,10.0,3.0,3.0,6.0,1404.0,930.0,158.0,1088.0,all,2023-01-02 23:59:40.539208
262,2019-01-01,OSM Sweden,0,1,6.0,0.0,3.0,3.0,703.0,510.0,128.0,638.0,all,2023-01-02 23:59:40.539208
263,2019-01-01,OSM Chile,0,1,3.0,0.0,3.0,3.0,1626.0,779.0,369.0,1148.0,all,2023-01-02 23:59:40.539208
264,2019-01-01,UN WFP,1,1,1.0,0.0,0.0,0.0,1.0,0.0,0.0,0.0,all,2023-01-02 23:59:40.539208
265,2020-01-01,HOT,289,314,507214.0,222195.0,141649.0,363844.0,623018.0,289232.0,160232.0,449464.0,all,2023-01-02 23:59:40.539208
266,2020-01-01,American Red Cross,64,225,252013.0,83872.0,43885.0,127757.0,550347.0,205613.0,90679.0,296292.0,all,2023-01-02 23:59:40.539208
267,2020-01-01,Gal School Peru,104,115,172876.0,59594.0,60957.0,120551.0,189466.0,64317.0,62983.0,127300.0,all,2023-01-02 23:59:40.539208
268,2020-01-01,MÃ©decins Sans FrontiÃ¨res (MSF) ,160,270,142688.0,70429.0,29957.0,100386.0,329640.0,168876.0,56911.0,225787.0,all,2023-01-02 23:59:40.539208
269,2020-01-01,Educate Girls,39,33,142408.0,43557.0,6248.0,49805.0,142408.0,43557.0,6248.0,49805.0,all,2023-01-02 23:59:40.539208
270,2020-01-01,Tanzania Development Trust,16,30,139637.0,28853.0,33930.0,62783.0,247691.0,74132.0,44374.0,118506.0,all,2023-01-02 23:59:40.539208
271,2020-01-01,YouthMappers,10,49,95624.0,18945.0,9992.0,28937.0,177102.0,36899.0,14474.0,51373.0,all,2023-01-02 23:59:40.539208
272,2020-01-01,0,0,473,89396.0,19296.0,8785.0,28081.0,340336.0,126465.0,39914.0,166379.0,all,2023-01-02 23:59:40.539208
273,2020-01-01,HOT Philippines,33,39,71220.0,22796.0,17320.0,40116.0,99827.0,36383.0,22965.0,59348.0,all,2023-01-02 23:59:40.539208
274,2020-01-01,MapBeks,35,35,67468.0,27479.0,15025.0,42504.0,67468.0,27479.0,15025.0,42504.0,all,2023-01-02 23:59:40.539208
275,2020-01-01,Other,29,136,61620.0,20032.0,7395.0,27427.0,122095.0,44080.0,16944.0,61024.0,all,2023-01-02 23:59:40.539208
276,2020-01-01,Kathmandu Living Labs,13,22,46728.0,24014.0,17794.0,41808.0,63189.0,29620.0,20233.0,49853.0,all,2023-01-02 23:59:40.539208
277,2020-01-01,Netherlands Red Cross,18,56,45948.0,21686.0,2540.0,24226.0,92337.0,40093.0,6654.0,46747.0,all,2023-01-02 23:59:40.539208
278,2020-01-01,INTEGRATION Consulting Group,478,1116,45166.0,17420.0,20489.0,37909.0,54861.0,26068.0,20883.0,46951.0,all,2023-01-02 23:59:40.539208
279,2020-01-01,MapUganda,32,37,41926.0,17953.0,16075.0,34028.0,43859.0,19342.0,16174.0,35516.0,all,2023-01-02 23:59:40.539208
280,2020-01-01,OpenMap Development Tanzania,80,141,37413.0,20282.0,11384.0,31666.0,74626.0,35509.0,18430.0,53939.0,all,2023-01-02 23:59:40.539208
281,2020-01-01,OSM Kenya,7,9,36504.0,14435.0,9459.0,23894.0,49444.0,16818.0,9596.0,26414.0,all,2023-01-02 23:59:40.539208
282,2020-01-01,Yer Cizenler,4,7,31768.0,8601.0,3946.0,12547.0,32782.0,9037.0,4216.0,13253.0,all,2023-01-02 23:59:40.539208
283,2020-01-01,HOT Project Manager Trainees,11,9,30527.0,16378.0,8210.0,24588.0,30527.0,16378.0,8210.0,24588.0,all,2023-01-02 23:59:40.539208
284,2020-01-01,World Bank,10,15,29567.0,8198.0,1527.0,9725.0,41666.0,10620.0,1644.0,12264.0,all,2023-01-02 23:59:40.539208
285,2020-01-01,German Red Cross,3,4,26554.0,6975.0,1941.0,8916.0,33082.0,10107.0,2105.0,12212.0,all,2023-01-02 23:59:40.539208
286,2020-01-01,CartONG,34,51,25922.0,10475.0,7413.0,17888.0,42298.0,18408.0,11603.0,30011.0,all,2023-01-02 23:59:40.539208
287,2020-01-01,OSM India,3,17,25237.0,7991.0,2477.0,10468.0,75525.0,29413.0,8604.0,38017.0,all,2023-01-02 23:59:40.539208
288,2020-01-01,OSM Philippines,2,6,21563.0,5518.0,2274.0,7792.0,41332.0,13559.0,8019.0,21578.0,all,2023-01-02 23:59:40.539208
289,2020-01-01,HOT Uganda,55,47,18752.0,10597.0,7195.0,17792.0,19358.0,10857.0,7460.0,18317.0,all,2023-01-02 23:59:40.539208
290,2020-01-01,OSM Colombia,6,8,17087.0,4507.0,2742.0,7249.0,25830.0,7913.0,3338.0,11251.0,all,2023-01-02 23:59:40.539208
291,2020-01-01,Public Lab Mongolia,22,22,16052.0,10529.0,1076.0,11605.0,16189.0,10603.0,1076.0,11679.0,all,2023-01-02 23:59:40.539208
292,2020-01-01,Youth Innovation Lab,27,27,15421.0,5666.0,3064.0,8730.0,15421.0,5666.0,3064.0,8730.0,all,2023-01-02 23:59:40.539208
293,2020-01-01,Akros,70,68,15240.0,10102.0,4187.0,14289.0,17970.0,11365.0,5224.0,16589.0,all,2023-01-02 23:59:40.539208
294,2020-01-01,British Red Cross,6,12,12292.0,5213.0,432.0,5645.0,24862.0,10873.0,595.0,11468.0,all,2023-01-02 23:59:40.539208
295,2020-01-01,Surveying and Spatial Sciences Institute,7,7,11990.0,7546.0,3747.0,11293.0,11990.0,7546.0,3747.0,11293.0,all,2023-01-02 23:59:40.539208
296,2020-01-01,Spanish Red Cross,1,3,11875.0,5373.0,1248.0,6621.0,12109.0,5464.0,1248.0,6712.0,all,2023-01-02 23:59:40.539208
297,2020-01-01,OSM RDC,36,47,10446.0,3110.0,1009.0,4119.0,23211.0,9195.0,2536.0,11731.0,all,2023-01-02 23:59:40.539208
298,2020-01-01,Missing Maps,10,19,10281.0,4055.0,2979.0,7034.0,52961.0,21177.0,15744.0,36921.0,all,2023-01-02 23:59:40.539208
299,2020-01-01,United Nations,14,29,9545.0,2059.0,3896.0,5955.0,19729.0,7052.0,6230.0,13282.0,all,2023-01-02 23:59:40.539208
300,2020-01-01,OSM Ghana,19,23,9235.0,4170.0,2412.0,6582.0,10569.0,5003.0,2604.0,7607.0,all,2023-01-02 23:59:40.539208
301,2020-01-01,GeolabUdea,17,18,8916.0,1651.0,545.0,2196.0,9200.0,1702.0,545.0,2247.0,all,2023-01-02 23:59:40.539208
302,2020-01-01,UN Mappers,18,17,8157.0,2566.0,1064.0,3630.0,8157.0,2566.0,1064.0,3630.0,all,2023-01-02 23:59:40.539208
303,2020-01-01,Kaart,0,40,8046.0,1673.0,5831.0,7504.0,30413.0,15497.0,11315.0,26812.0,all,2023-01-02 23:59:40.539208
304,2020-01-01,IFRC,11,21,7772.0,3348.0,422.0,3770.0,14029.0,6718.0,1029.0,7747.0,all,2023-01-02 23:59:40.539208
305,2020-01-01,OSM Mali,6,10,7550.0,3931.0,2699.0,6630.0,14192.0,8134.0,2957.0,11091.0,all,2023-01-02 23:59:40.539208
306,2020-01-01,OSM South Sudan,10,10,7304.0,2843.0,1022.0,3865.0,7304.0,2843.0,1022.0,3865.0,all,2023-01-02 23:59:40.539208
307,2020-01-01,OSM CÃ´te d'Ivoire,1,2,7029.0,1193.0,172.0,1365.0,8603.0,1686.0,303.0,1989.0,all,2023-01-02 23:59:40.539208
308,2020-01-01,NAXA,7,7,6331.0,1786.0,682.0,2468.0,6331.0,1786.0,682.0,2468.0,all,2023-01-02 23:59:40.539208
309,2020-01-01,Humanitarian Mappers,1,1,5104.0,1045.0,16.0,1061.0,5104.0,1045.0,16.0,1061.0,all,2023-01-02 23:59:40.539208
310,2020-01-01,MapRI Initiative Uganda,15,15,4995.0,2329.0,2121.0,4450.0,4995.0,2329.0,2121.0,4450.0,all,2023-01-02 23:59:40.539208
311,2020-01-01,OSM Burkina Faso,2,6,4644.0,1484.0,217.0,1701.0,6389.0,2231.0,316.0,2547.0,all,2023-01-02 23:59:40.539208
312,2020-01-01,Clinton Health Access Initiative,0,33,4223.0,2124.0,80.0,2204.0,12258.0,5097.0,1753.0,6850.0,all,2023-01-02 23:59:40.539208
313,2020-01-01,IGSD Warwick,3,3,3781.0,1202.0,94.0,1296.0,3781.0,1202.0,94.0,1296.0,all,2023-01-02 23:59:40.539208
314,2020-01-01,iLab Liberia,34,34,3611.0,1634.0,1647.0,3281.0,3611.0,1634.0,1647.0,3281.0,all,2023-01-02 23:59:40.539208
315,2020-01-01,OSM Ukraine,6,7,3591.0,1595.0,1035.0,2630.0,5113.0,2781.0,1076.0,3857.0,all,2023-01-02 23:59:40.539208
316,2020-01-01,PEPFAR,0,8,3482.0,1551.0,290.0,1841.0,12147.0,5019.0,1237.0,6256.0,all,2023-01-02 23:59:40.539208
317,2020-01-01,OSM Sri Lanka,6,15,3143.0,815.0,258.0,1073.0,10114.0,3237.0,298.0,3535.0,all,2023-01-02 23:59:40.539208
318,2020-01-01,Operation Fistula,29,29,2427.0,1920.0,268.0,2188.0,2427.0,1920.0,268.0,2188.0,all,2023-01-02 23:59:40.539208
319,2020-01-01,URBELatam,3,3,2165.0,685.0,203.0,888.0,2165.0,685.0,203.0,888.0,all,2023-01-02 23:59:40.539208
320,2020-01-01,Map For Future,2,2,2089.0,1561.0,3.0,1564.0,2089.0,1561.0,3.0,1564.0,all,2023-01-02 23:59:40.539208
321,2020-01-01,OSM Liberia,3,10,1732.0,841.0,296.0,1137.0,4357.0,2419.0,843.0,3262.0,all,2023-01-02 23:59:40.539208
322,2020-01-01,UN Habitat,1,1,1619.0,335.0,170.0,505.0,1619.0,335.0,170.0,505.0,all,2023-01-02 23:59:40.539208
323,2020-01-01,Namibia UST,6,4,1418.0,853.0,30.0,883.0,1418.0,853.0,30.0,883.0,all,2023-01-02 23:59:40.539208
324,2020-01-01,Spatial Collective,3,3,1401.0,576.0,373.0,949.0,1401.0,576.0,373.0,949.0,all,2023-01-02 23:59:40.539208
325,2020-01-01,Crisis Mappers Japan,1,9,1350.0,532.0,568.0,1100.0,16134.0,6496.0,1627.0,8123.0,all,2023-01-02 23:59:40.539208
326,2020-01-01,OSM Libya,4,4,1281.0,295.0,67.0,362.0,1281.0,295.0,67.0,362.0,all,2023-01-02 23:59:40.539208
327,2020-01-01,Canadian Red Cross,2,5,1254.0,463.0,562.0,1025.0,1584.0,687.0,606.0,1293.0,all,2023-01-02 23:59:40.539208
328,2020-01-01,OSM Albania,0,1,1176.0,22.0,740.0,762.0,5447.0,1342.0,1335.0,2677.0,all,2023-01-02 23:59:40.539208
329,2020-01-01,OSM Cameroon,2,3,1170.0,341.0,445.0,786.0,1563.0,642.0,454.0,1096.0,all,2023-01-02 23:59:40.539208
330,2020-01-01,Map Kibera,0,4,1142.0,394.0,42.0,436.0,3818.0,1416.0,119.0,1535.0,all,2023-01-02 23:59:40.539208
331,2020-01-01,OSM Somalia,1,2,998.0,818.0,39.0,857.0,1203.0,931.0,87.0,1018.0,all,2023-01-02 23:59:40.539208
332,2020-01-01,OSM Guinea,0,1,951.0,544.0,3.0,547.0,2201.0,1181.0,24.0,1205.0,all,2023-01-02 23:59:40.539208
333,2020-01-01,OSM South Africa,1,1,939.0,461.0,113.0,574.0,939.0,461.0,113.0,574.0,all,2023-01-02 23:59:40.539208
334,2020-01-01,HOT Indonesia,0,6,895.0,53.0,615.0,668.0,3650.0,2151.0,808.0,2959.0,all,2023-01-02 23:59:40.539208
335,2020-01-01,Grab,3,4,880.0,457.0,165.0,622.0,2563.0,963.0,274.0,1237.0,all,2023-01-02 23:59:40.539208
336,2020-01-01,OSM Togo,2,6,838.0,189.0,33.0,222.0,2231.0,728.0,39.0,767.0,all,2023-01-02 23:59:40.539208
337,2020-01-01,Meta,1,2,742.0,358.0,54.0,412.0,770.0,375.0,54.0,429.0,all,2023-01-02 23:59:40.539208
338,2020-01-01,HOT Affiliates,1,1,734.0,428.0,0.0,428.0,734.0,428.0,0.0,428.0,all,2023-01-02 23:59:40.539208
339,2020-01-01,OSM Brasil,0,6,649.0,119.0,17.0,136.0,2808.0,994.0,202.0,1196.0,all,2023-01-02 23:59:40.539208
340,2020-01-01,OSM Burundi,0,2,582.0,140.0,133.0,273.0,904.0,270.0,217.0,487.0,all,2023-01-02 23:59:40.539208
341,2020-01-01,Kiribati Women in Mapping,1,1,578.0,352.0,2.0,354.0,578.0,352.0,2.0,354.0,all,2023-01-02 23:59:40.539208
342,2020-01-01,OSM Zambia,0,6,491.0,157.0,177.0,334.0,3134.0,1810.0,446.0,2256.0,all,2023-01-02 23:59:40.539208
343,2020-01-01,MapAmðŸ’œre,0,1,462.0,233.0,200.0,433.0,1568.0,737.0,246.0,983.0,all,2023-01-02 23:59:40.539208
344,2020-01-01,Pan American Development Foundation,0,2,436.0,279.0,0.0,279.0,1616.0,837.0,117.0,954.0,all,2023-01-02 23:59:40.539208
345,2020-01-01,Geochicas,0,3,388.0,66.0,119.0,185.0,2129.0,886.0,604.0,1490.0,all,2023-01-02 23:59:40.539208
346,2020-01-01,Practical Action Bolivia,1,1,344.0,139.0,14.0,153.0,344.0,139.0,14.0,153.0,all,2023-01-02 23:59:40.539208
347,2020-01-01,UN OCHA,0,1,341.0,107.0,0.0,107.0,536.0,181.0,0.0,181.0,all,2023-01-02 23:59:40.539208
348,2020-01-01,Peace Corps,0,1,335.0,136.0,17.0,153.0,673.0,299.0,43.0,342.0,all,2023-01-02 23:59:40.539208
349,2020-01-01,MapGive,3,7,289.0,86.0,35.0,121.0,5160.0,1882.0,1622.0,3504.0,all,2023-01-02 23:59:40.539208
350,2020-01-01,LISGIS,0,4,278.0,170.0,74.0,244.0,3738.0,2218.0,800.0,3018.0,all,2023-01-02 23:59:40.539208
351,2020-01-01,OSM Namibia,1,1,276.0,127.0,35.0,162.0,276.0,127.0,35.0,162.0,all,2023-01-02 23:59:40.539208
352,2020-01-01,MapTime,0,2,261.0,114.0,0.0,114.0,516.0,243.0,70.0,313.0,all,2023-01-02 23:59:40.539208
353,2020-01-01,OSM Zimbabwe,0,1,245.0,129.0,22.0,151.0,427.0,194.0,22.0,216.0,all,2023-01-02 23:59:40.539208
354,2020-01-01,Map Lesotho,0,7,244.0,180.0,0.0,180.0,9294.0,4933.0,1761.0,6694.0,all,2023-01-02 23:59:40.539208
355,2020-01-01,OSM Rwanda,0,1,238.0,55.0,1.0,56.0,766.0,238.0,32.0,270.0,all,2023-01-02 23:59:40.539208
356,2020-01-01,Bridges to Prosperity,2,6,236.0,122.0,0.0,122.0,1195.0,646.0,27.0,673.0,all,2023-01-02 23:59:40.539208
357,2020-01-01,OSM Mauritania,2,2,231.0,82.0,7.0,89.0,231.0,82.0,7.0,89.0,all,2023-01-02 23:59:40.539208
358,2020-01-01,MENTOR,0,2,224.0,5.0,195.0,200.0,1628.0,935.0,353.0,1288.0,all,2023-01-02 23:59:40.539208
359,2020-01-01,UP NOAH,0,5,157.0,45.0,0.0,45.0,5096.0,2802.0,638.0,3440.0,all,2023-01-02 23:59:40.539208
360,2020-01-01,OSM Bangladesh,0,2,145.0,16.0,58.0,74.0,731.0,357.0,242.0,599.0,all,2023-01-02 23:59:40.539208
361,2020-01-01,OSM Algeria,1,1,123.0,35.0,27.0,62.0,123.0,35.0,27.0,62.0,all,2023-01-02 23:59:40.539208
362,2020-01-01,FreeLocalMappers,1,1,120.0,30.0,0.0,30.0,120.0,30.0,0.0,30.0,all,2023-01-02 23:59:40.539208
363,2020-01-01,USAID,0,5,109.0,21.0,0.0,21.0,1520.0,838.0,19.0,857.0,all,2023-01-02 23:59:40.539208
364,2020-01-01,OSM Sierra Leone,0,1,105.0,3.0,96.0,99.0,421.0,141.0,137.0,278.0,all,2023-01-02 23:59:40.539208
365,2020-01-01,Geosynapse Guinea,0,4,97.0,20.0,22.0,42.0,2709.0,1468.0,225.0,1693.0,all,2023-01-02 23:59:40.539208
366,2020-01-01,OSM Madagascar,0,2,89.0,41.0,7.0,48.0,1921.0,742.0,432.0,1174.0,all,2023-01-02 23:59:40.539208
367,2020-01-01,OSM Mexico,0,3,80.0,9.0,18.0,27.0,7257.0,2713.0,1699.0,4412.0,all,2023-01-02 23:59:40.539208
368,2020-01-01,OSM Niger,0,1,66.0,29.0,0.0,29.0,413.0,214.0,13.0,227.0,all,2023-01-02 23:59:40.539208
369,2020-01-01,OSM Sweden,0,1,65.0,4.0,14.0,18.0,768.0,514.0,142.0,656.0,all,2023-01-02 23:59:40.539208
370,2020-01-01,OSM Chile,0,1,61.0,8.0,17.0,25.0,1687.0,787.0,386.0,1173.0,all,2023-01-02 23:59:40.539208
371,2020-01-01,OSM Morocco,3,1,43.0,11.0,0.0,11.0,43.0,11.0,0.0,11.0,all,2023-01-02 23:59:40.539208
372,2020-01-01,Concern Worldwide,0,2,36.0,11.0,0.0,11.0,641.0,241.0,35.0,276.0,all,2023-01-02 23:59:40.539208
373,2020-01-01,OSM Chad,1,1,24.0,11.0,0.0,11.0,24.0,11.0,0.0,11.0,all,2023-01-02 23:59:40.539208
374,2020-01-01,OSM Benin,0,3,20.0,3.0,3.0,6.0,908.0,765.0,18.0,783.0,all,2023-01-02 23:59:40.539208
375,2020-01-01,OSM Peru,0,1,8.0,0.0,6.0,6.0,344.0,190.0,125.0,315.0,all,2023-01-02 23:59:40.539208
376,2020-01-01,OSM Congo,0,1,1.0,0.0,0.0,0.0,1228.0,422.0,292.0,714.0,all,2023-01-02 23:59:40.539208
377,2021-01-01,HOT,330,482,688833.0,322601.0,180699.0,503300.0,960415.0,463617.0,214473.0,678090.0,all,2023-01-02 23:59:40.539208
378,2021-01-01,American Red Cross,36,209,320400.0,109259.0,26706.0,135965.0,746647.0,268100.0,88589.0,356689.0,all,2023-01-02 23:59:40.539208
379,2021-01-01,0,0,418,164972.0,35793.0,8661.0,44454.0,461870.0,144905.0,40232.0,185137.0,all,2023-01-02 23:59:40.539208
380,2021-01-01,MÃ©decins Sans FrontiÃ¨res (MSF) ,75,174,142297.0,55039.0,42506.0,97545.0,268865.0,116351.0,52825.0,169176.0,all,2023-01-02 23:59:40.539208
381,2021-01-01,Kathmandu Living Labs,51,69,114734.0,51785.0,44520.0,96305.0,175099.0,77994.0,61034.0,139028.0,all,2023-01-02 23:59:40.539208
382,2021-01-01,"Unique Mappers Network, Nigeria",14,11,96656.0,20901.0,4702.0,25603.0,96656.0,20901.0,4702.0,25603.0,all,2023-01-02 23:59:40.539208
383,2021-01-01,MapUganda,79,85,78149.0,38371.0,31058.0,69429.0,96972.0,46823.0,37064.0,83887.0,all,2023-01-02 23:59:40.539208
384,2021-01-01,MapBeks,38,52,72994.0,27624.0,18225.0,45849.0,104586.0,39806.0,25344.0,65150.0,all,2023-01-02 23:59:40.539208
385,2021-01-01,Educate Girls,0,29,60603.0,10491.0,17597.0,28088.0,194280.0,49256.0,23823.0,73079.0,all,2023-01-02 23:59:40.539208
386,2021-01-01,Tanzania Development Trust,24,52,58010.0,16179.0,21505.0,37684.0,244854.0,71194.0,40344.0,111538.0,all,2023-01-02 23:59:40.539208
387,2021-01-01,YouthMappers,26,68,57900.0,17308.0,7172.0,24480.0,225485.0,50604.0,18366.0,68970.0,all,2023-01-02 23:59:40.539208
388,2021-01-01,German Red Cross,16,20,56945.0,14624.0,11167.0,25791.0,90027.0,24731.0,13272.0,38003.0,all,2023-01-02 23:59:40.539208
389,2021-01-01,Public Lab Mongolia,46,58,53696.0,24019.0,1263.0,25282.0,65170.0,31203.0,1759.0,32962.0,all,2023-01-02 23:59:40.539208
390,2021-01-01,OSM Libya,55,21,45200.0,17670.0,4764.0,22434.0,46481.0,17965.0,4831.0,22796.0,all,2023-01-02 23:59:40.539208
391,2021-01-01,Other,0,103,43371.0,9582.0,1800.0,11382.0,137458.0,41900.0,9103.0,51003.0,all,2023-01-02 23:59:40.539208
392,2021-01-01,Youth Innovation Lab,43,60,42714.0,12432.0,6648.0,19080.0,46004.0,13958.0,6861.0,20819.0,all,2023-01-02 23:59:40.539208
393,2021-01-01,HOT Uganda,71,94,41087.0,16461.0,23234.0,39695.0,49726.0,22722.0,24999.0,47721.0,all,2023-01-02 23:59:40.539208
394,2021-01-01,OpenMap Development Tanzania,12,105,36354.0,12660.0,10054.0,22714.0,89687.0,37500.0,19580.0,57080.0,all,2023-01-02 23:59:40.539208
395,2021-01-01,HOT Project Manager Trainees,29,32,35917.0,7020.0,8870.0,15890.0,54938.0,17827.0,12128.0,29955.0,all,2023-01-02 23:59:40.539208
396,2021-01-01,UN Mappers,32,39,34199.0,7876.0,3251.0,11127.0,37536.0,9037.0,3503.0,12540.0,all,2023-01-02 23:59:40.539208
397,2021-01-01,OSM RDC,121,136,31181.0,14066.0,7076.0,21142.0,43871.0,20389.0,9302.0,29691.0,all,2023-01-02 23:59:40.539208
398,2021-01-01,Netherlands Red Cross,10,44,25242.0,5657.0,2527.0,8184.0,98884.0,36416.0,6225.0,42641.0,all,2023-01-02 23:59:40.539208
399,2021-01-01,CartONG,26,33,21583.0,8979.0,7577.0,16556.0,31347.0,13052.0,9304.0,22356.0,all,2023-01-02 23:59:40.539208
400,2021-01-01,HOT Philippines,10,22,20174.0,8152.0,6119.0,14271.0,45395.0,19218.0,9551.0,28769.0,all,2023-01-02 23:59:40.539208
401,2021-01-01,Operation Fistula,134,138,18889.0,11183.0,7107.0,18290.0,19167.0,11409.0,7135.0,18544.0,all,2023-01-02 23:59:40.539208
402,2021-01-01,World Bank,1,8,18345.0,4043.0,2284.0,6327.0,59297.0,14360.0,3732.0,18092.0,all,2023-01-02 23:59:40.539208
403,2021-01-01,IGSD Warwick,11,14,16983.0,5753.0,1948.0,7701.0,20764.0,6955.0,2042.0,8997.0,all,2023-01-02 23:59:40.539208
404,2021-01-01,Geohazards Risk Mapping Initiative,7,7,15574.0,5039.0,2382.0,7421.0,15574.0,5039.0,2382.0,7421.0,all,2023-01-02 23:59:40.539208
405,2021-01-01,Map For Future,9,10,14068.0,6845.0,4815.0,11660.0,16152.0,8406.0,4818.0,13224.0,all,2023-01-02 23:59:40.539208
406,2021-01-01,HOT Indonesia,4,7,12220.0,5563.0,1026.0,6589.0,13776.0,6715.0,1218.0,7933.0,all,2023-01-02 23:59:40.539208
407,2021-01-01,Little Earth,32,31,12163.0,4835.0,3548.0,8383.0,12163.0,4835.0,3548.0,8383.0,all,2023-01-02 23:59:40.539208
408,2021-01-01,Yer Cizenler,6,6,11735.0,3806.0,868.0,4674.0,44164.0,12720.0,5031.0,17751.0,all,2023-01-02 23:59:40.539208
409,2021-01-01,OSM Colombia,0,8,11299.0,2780.0,2261.0,5041.0,37129.0,10693.0,5599.0,16292.0,all,2023-01-02 23:59:40.539208
410,2021-01-01,OSM Mali,9,13,11156.0,5459.0,1448.0,6907.0,13606.0,7005.0,1589.0,8594.0,all,2023-01-02 23:59:40.539208
411,2021-01-01,Meta,6,7,10930.0,8849.0,84.0,8933.0,11700.0,9224.0,138.0,9362.0,all,2023-01-02 23:59:40.539208
412,2021-01-01,OSM Kenya,4,7,10867.0,4236.0,2859.0,7095.0,15266.0,7210.0,3044.0,10254.0,all,2023-01-02 23:59:40.539208
413,2021-01-01,Spanish Red Cross,8,10,10855.0,4883.0,1994.0,6877.0,22964.0,10347.0,3242.0,13589.0,all,2023-01-02 23:59:40.539208
414,2021-01-01,OSM Brasil,15,20,9004.0,4504.0,1762.0,6266.0,11563.0,5385.0,1914.0,7299.0,all,2023-01-02 23:59:40.539208
415,2021-01-01,British Red Cross,8,18,8977.0,3248.0,1660.0,4908.0,32794.0,13606.0,2200.0,15806.0,all,2023-01-02 23:59:40.539208
416,2021-01-01,OSM Fiji,10,10,8711.0,4623.0,1305.0,5928.0,8711.0,4623.0,1305.0,5928.0,all,2023-01-02 23:59:40.539208
417,2021-01-01,Clinton Health Access Initiative,0,31,7883.0,4063.0,534.0,4597.0,17081.0,7740.0,1905.0,9645.0,all,2023-01-02 23:59:40.539208
418,2021-01-01,Akros,16,33,7490.0,3823.0,1967.0,5790.0,14198.0,7100.0,4681.0,11781.0,all,2023-01-02 23:59:40.539208
419,2021-01-01,OSM Philippines,6,7,7284.0,2094.0,1673.0,3767.0,28169.0,7633.0,3136.0,10769.0,all,2023-01-02 23:59:40.539208
420,2021-01-01,NAXA,7,12,6401.0,1055.0,107.0,1162.0,10471.0,2280.0,470.0,2750.0,all,2023-01-02 23:59:40.539208
421,2021-01-01,OSM India,0,7,6070.0,1835.0,2580.0,4415.0,50533.0,17687.0,8137.0,25824.0,all,2023-01-02 23:59:40.539208
422,2021-01-01,Digital Mappers Dang,8,8,5590.0,2460.0,1003.0,3463.0,5590.0,2460.0,1003.0,3463.0,all,2023-01-02 23:59:40.539208
423,2021-01-01,OSM Ukraine,3,5,5239.0,4206.0,709.0,4915.0,6245.0,4470.0,760.0,5230.0,all,2023-01-02 23:59:40.539208
424,2021-01-01,Open Mapping Hub Asia-Pacific,4,4,4774.0,2035.0,1286.0,3321.0,4774.0,2035.0,1286.0,3321.0,all,2023-01-02 23:59:40.539208
425,2021-01-01,OSM Ghana,3,17,4683.0,2139.0,711.0,2850.0,9316.0,4162.0,1057.0,5219.0,all,2023-01-02 23:59:40.539208
426,2021-01-01,IFRC,0,16,4067.0,1024.0,363.0,1387.0,16545.0,7087.0,913.0,8000.0,all,2023-01-02 23:59:40.539208
427,2021-01-01,FreeLocalMappers,7,8,3983.0,2102.0,340.0,2442.0,4103.0,2132.0,340.0,2472.0,all,2023-01-02 23:59:40.539208
428,2021-01-01,OSM Mauritania,3,5,3530.0,1744.0,436.0,2180.0,3761.0,1826.0,443.0,2269.0,all,2023-01-02 23:59:40.539208
429,2021-01-01,PeruGEO,7,7,3141.0,1522.0,197.0,1719.0,3141.0,1522.0,197.0,1719.0,all,2023-01-02 23:59:40.539208
430,2021-01-01,Missing Maps,0,15,3099.0,144.0,959.0,1103.0,35956.0,17443.0,7477.0,24920.0,all,2023-01-02 23:59:40.539208
431,2021-01-01,Namibia UST,3,7,3045.0,934.0,246.0,1180.0,4463.0,1787.0,276.0,2063.0,all,2023-01-02 23:59:40.539208
432,2021-01-01,Kaart,2,42,2883.0,1974.0,232.0,2206.0,33154.0,17798.0,11472.0,29270.0,all,2023-01-02 23:59:40.539208
433,2021-01-01,OSM Sri Lanka,7,18,2811.0,1010.0,53.0,1063.0,12763.0,4157.0,349.0,4506.0,all,2023-01-02 23:59:40.539208
434,2021-01-01,OSM Zambia,1,8,2309.0,645.0,40.0,685.0,7756.0,3523.0,1562.0,5085.0,all,2023-01-02 23:59:40.539208
435,2021-01-01,Help.NGO,4,2,2197.0,773.0,653.0,1426.0,2197.0,773.0,653.0,1426.0,all,2023-01-02 23:59:40.539208
436,2021-01-01,Wales Community Mapping,10,10,2140.0,1004.0,510.0,1514.0,2140.0,1004.0,510.0,1514.0,all,2023-01-02 23:59:40.539208
437,2021-01-01,OSM Namibia,2,2,2064.0,524.0,65.0,589.0,2340.0,651.0,100.0,751.0,all,2023-01-02 23:59:40.539208
438,2021-01-01,Laboratory on Experimental and Applied Geography,4,3,1992.0,591.0,94.0,685.0,1992.0,591.0,94.0,685.0,all,2023-01-02 23:59:40.539208
439,2021-01-01,GeolabUdea,0,14,1969.0,515.0,428.0,943.0,5117.0,1227.0,526.0,1753.0,all,2023-01-02 23:59:40.539208
440,2021-01-01,INTEGRATION Consulting Group,0,4,1813.0,635.0,240.0,875.0,4210.0,1341.0,1107.0,2448.0,all,2023-01-02 23:59:40.539208
441,2021-01-01,HOT Affiliates,3,2,1774.0,629.0,225.0,854.0,1774.0,629.0,225.0,854.0,all,2023-01-02 23:59:40.539208
442,2021-01-01,MapMalawi,2,2,1694.0,669.0,460.0,1129.0,1694.0,669.0,460.0,1129.0,all,2023-01-02 23:59:40.539208
443,2021-01-01,OSM South Sudan,2,10,1669.0,1124.0,217.0,1341.0,8748.0,3903.0,1224.0,5127.0,all,2023-01-02 23:59:40.539208
444,2021-01-01,OSM Togo,9,11,1652.0,841.0,146.0,987.0,3864.0,1559.0,185.0,1744.0,all,2023-01-02 23:59:40.539208
445,2021-01-01,OSM Malawi,3,3,1592.0,736.0,202.0,938.0,1592.0,736.0,202.0,938.0,all,2023-01-02 23:59:40.539208
446,2021-01-01,OSM Burkina Faso,1,8,1431.0,619.0,153.0,772.0,7856.0,2870.0,469.0,3339.0,all,2023-01-02 23:59:40.539208
447,2021-01-01,Practical Action Bolivia,1,2,1297.0,480.0,231.0,711.0,1641.0,619.0,245.0,864.0,all,2023-01-02 23:59:40.539208
448,2021-01-01,OSM Bangladesh,1,2,1000.0,725.0,68.0,793.0,1201.0,795.0,126.0,921.0,all,2023-01-02 23:59:40.539208
449,2021-01-01,Action for Economic Reforms,14,14,976.0,331.0,0.0,331.0,976.0,331.0,0.0,331.0,all,2023-01-02 23:59:40.539208
450,2021-01-01,OSM CÃ´te d'Ivoire,3,4,951.0,780.0,126.0,906.0,7615.0,1940.0,149.0,2089.0,all,2023-01-02 23:59:40.539208
451,2021-01-01,Canoa de Tolda,3,3,949.0,266.0,55.0,321.0,949.0,266.0,55.0,321.0,all,2023-01-02 23:59:40.539208
452,2021-01-01,OSM Madagascar,7,6,893.0,516.0,0.0,516.0,1547.0,715.0,19.0,734.0,all,2023-01-02 23:59:40.539208
453,2021-01-01,Grab,0,2,875.0,218.0,2.0,220.0,3324.0,1082.0,276.0,1358.0,all,2023-01-02 23:59:40.539208
454,2021-01-01,MapGive,0,6,832.0,162.0,58.0,220.0,5785.0,1868.0,1660.0,3528.0,all,2023-01-02 23:59:40.539208
455,2021-01-01,OSM Morocco,0,1,806.0,264.0,2.0,266.0,849.0,275.0,2.0,277.0,all,2023-01-02 23:59:40.539208
456,2021-01-01,ByteXperience,12,1,775.0,152.0,18.0,170.0,775.0,152.0,18.0,170.0,all,2023-01-02 23:59:40.539208
457,2021-01-01,Geomatics Engineering Society,4,4,759.0,233.0,99.0,332.0,759.0,233.0,99.0,332.0,all,2023-01-02 23:59:40.539208
458,2021-01-01,Spatial Collective,5,5,742.0,380.0,171.0,551.0,742.0,380.0,171.0,551.0,all,2023-01-02 23:59:40.539208
459,2021-01-01,Map Kibera,2,6,727.0,283.0,9.0,292.0,5059.0,1990.0,278.0,2268.0,all,2023-01-02 23:59:40.539208
460,2021-01-01,Spatial Ecology & Analysis Lab (SEAL),1,1,722.0,259.0,8.0,267.0,722.0,259.0,8.0,267.0,all,2023-01-02 23:59:40.539208
461,2021-01-01,Humanitarian Mappers,0,1,699.0,19.0,623.0,642.0,5803.0,1064.0,639.0,1703.0,all,2023-01-02 23:59:40.539208
462,2021-01-01,MapTime,0,3,673.0,302.0,82.0,384.0,1510.0,672.0,232.0,904.0,all,2023-01-02 23:59:40.539208
463,2021-01-01,PEPFAR,0,8,652.0,126.0,268.0,394.0,12550.0,5023.0,1280.0,6303.0,all,2023-01-02 23:59:40.539208
464,2021-01-01,Bridges to Prosperity,0,3,613.0,72.0,327.0,399.0,1679.0,675.0,331.0,1006.0,all,2023-01-02 23:59:40.539208
465,2021-01-01,United Nations,0,11,607.0,101.0,37.0,138.0,9356.0,4943.0,772.0,5715.0,all,2023-01-02 23:59:40.539208
466,2021-01-01,Kiribati Women in Mapping,0,1,582.0,75.0,241.0,316.0,1160.0,427.0,243.0,670.0,all,2023-01-02 23:59:40.539208
467,2021-01-01,OSM Algeria,0,1,550.0,117.0,3.0,120.0,673.0,152.0,30.0,182.0,all,2023-01-02 23:59:40.539208
468,2021-01-01,OSM Somalia,0,2,524.0,126.0,397.0,523.0,1727.0,1057.0,484.0,1541.0,all,2023-01-02 23:59:40.539208
469,2021-01-01,UN OCHA,0,1,461.0,74.0,2.0,76.0,997.0,255.0,2.0,257.0,all,2023-01-02 23:59:40.539208
470,2021-01-01,OSM Cameroon,0,1,399.0,60.0,49.0,109.0,859.0,191.0,69.0,260.0,all,2023-01-02 23:59:40.539208
471,2021-01-01,iMMAP,1,1,351.0,170.0,90.0,260.0,351.0,170.0,90.0,260.0,all,2023-01-02 23:59:40.539208
472,2021-01-01,Geosynapse Guinea,0,3,314.0,177.0,2.0,179.0,1685.0,773.0,117.0,890.0,all,2023-01-02 23:59:40.539208
473,2021-01-01,Pan American Development Foundation,0,2,312.0,176.0,4.0,180.0,1928.0,1013.0,121.0,1134.0,all,2023-01-02 23:59:40.539208
474,2021-01-01,LISGIS,0,3,302.0,141.0,9.0,150.0,2710.0,1739.0,280.0,2019.0,all,2023-01-02 23:59:40.539208
475,2021-01-01,UP NOAH,0,5,300.0,54.0,1.0,55.0,5396.0,2856.0,639.0,3495.0,all,2023-01-02 23:59:40.539208
476,2021-01-01,Concern Worldwide,0,2,283.0,55.0,38.0,93.0,924.0,296.0,73.0,369.0,all,2023-01-02 23:59:40.539208
477,2021-01-01,OSM Rwanda,0,1,261.0,93.0,3.0,96.0,1027.0,331.0,35.0,366.0,all,2023-01-02 23:59:40.539208
478,2021-01-01,Map Lesotho,0,8,254.0,120.0,0.0,120.0,9699.0,5152.0,1761.0,6913.0,all,2023-01-02 23:59:40.539208
479,2021-01-01,Crisis Mappers Japan,8,3,240.0,113.0,14.0,127.0,240.0,113.0,14.0,127.0,all,2023-01-02 23:59:40.539208
480,2021-01-01,Indian Institute of Technology Delhi,10,10,218.0,9.0,0.0,9.0,218.0,9.0,0.0,9.0,all,2023-01-02 23:59:40.539208
481,2021-01-01,OSM Sierra Leone,2,1,190.0,98.0,0.0,98.0,190.0,98.0,0.0,98.0,all,2023-01-02 23:59:40.539208
482,2021-01-01,Geochicas,0,1,166.0,24.0,38.0,62.0,889.0,282.0,157.0,439.0,all,2023-01-02 23:59:40.539208
483,2021-01-01,OSM Chad,0,1,126.0,24.0,0.0,24.0,150.0,35.0,0.0,35.0,all,2023-01-02 23:59:40.539208
484,2021-01-01,OSM Guinea,0,1,111.0,52.0,1.0,53.0,2312.0,1233.0,25.0,1258.0,all,2023-01-02 23:59:40.539208
485,2021-01-01,OSM Chile,0,1,93.0,18.0,15.0,33.0,1780.0,805.0,401.0,1206.0,all,2023-01-02 23:59:40.539208
486,2021-01-01,Mali Red Cross,1,1,79.0,7.0,0.0,7.0,79.0,7.0,0.0,7.0,all,2023-01-02 23:59:40.539208
487,2021-01-01,USAID,0,3,79.0,42.0,0.0,42.0,912.0,397.0,4.0,401.0,all,2023-01-02 23:59:40.539208
488,2021-01-01,OSM South Africa,0,1,75.0,34.0,3.0,37.0,1014.0,495.0,116.0,611.0,all,2023-01-02 23:59:40.539208
489,2021-01-01,OSM Benin,0,3,73.0,2.0,57.0,59.0,981.0,767.0,75.0,842.0,all,2023-01-02 23:59:40.539208
490,2021-01-01,MENTOR,0,1,58.0,0.0,52.0,52.0,1000.0,605.0,200.0,805.0,all,2023-01-02 23:59:40.539208
491,2021-01-01,OSM Liberia,0,3,48.0,2.0,46.0,48.0,1902.0,914.0,352.0,1266.0,all,2023-01-02 23:59:40.539208
492,2021-01-01,OSM Peru,0,1,44.0,2.0,0.0,2.0,388.0,192.0,125.0,317.0,all,2023-01-02 23:59:40.539208
493,2021-01-01,OSM Sweden,0,1,29.0,5.0,4.0,9.0,797.0,519.0,146.0,665.0,all,2023-01-02 23:59:40.539208
494,2021-01-01,OSM Mexico,0,2,27.0,6.0,4.0,10.0,7024.0,2632.0,1697.0,4329.0,all,2023-01-02 23:59:40.539208
495,2021-01-01,URBELatam,0,2,23.0,5.0,0.0,5.0,1827.0,596.0,170.0,766.0,all,2023-01-02 23:59:40.539208
496,2021-01-01,Gal School Peru,0,3,18.0,9.0,0.0,9.0,6863.0,3067.0,2471.0,5538.0,all,2023-01-02 23:59:40.539208
497,2021-01-01,Mapillary,0,1,15.0,0.0,0.0,0.0,58.0,5.0,0.0,5.0,all,2023-01-02 23:59:40.539208
498,2021-01-01,UN Habitat,0,1,12.0,0.0,0.0,0.0,1631.0,335.0,170.0,505.0,all,2023-01-02 23:59:40.539208
499,2021-01-01,OSM Burundi,0,1,10.0,0.0,7.0,7.0,724.0,183.0,138.0,321.0,all,2023-01-02 23:59:40.539208
500,2021-01-01,Surveying and Spatial Sciences Institute,0,2,6.0,5.0,0.0,5.0,4818.0,2559.0,2081.0,4640.0,all,2023-01-02 23:59:40.539208
501,2021-01-01,MapAmðŸ’œre,0,1,3.0,0.0,2.0,2.0,1571.0,737.0,248.0,985.0,all,2023-01-02 23:59:40.539208
502,2021-01-01,Disaster Risk Management Africa,3,1,2.0,0.0,0.0,0.0,2.0,0.0,0.0,0.0,all,2023-01-02 23:59:40.539208
503,2021-01-01,iLab Liberia,0,1,2.0,0.0,0.0,0.0,205.0,89.0,85.0,174.0,all,2023-01-02 23:59:40.539208
504,2021-01-01,OSM Niger,0,1,2.0,1.0,0.0,1.0,415.0,215.0,13.0,228.0,all,2023-01-02 23:59:40.539208
505,2022-01-01,HOT,622,751,759688.0,383904.0,217009.0,600913.0,1053098.0,552910.0,247646.0,800556.0,all,2023-01-02 23:59:40.539208
506,2022-01-01,MÃ©decins Sans FrontiÃ¨res (MSF) ,111,191,193378.0,82374.0,73938.0,156312.0,288356.0,130571.0,83844.0,214415.0,all,2023-01-02 23:59:40.539208
507,2022-01-01,MapUganda,170,168,60790.0,32449.0,17962.0,50411.0,77744.0,39880.0,21618.0,61498.0,all,2023-01-02 23:59:40.539208
508,2022-01-01,OSM Bangladesh,7,9,57646.0,21179.0,4986.0,26165.0,58847.0,21974.0,5112.0,27086.0,all,2023-01-02 23:59:40.539208
509,2022-01-01,Netherlands Red Cross,0,18,50456.0,11425.0,1194.0,12619.0,122270.0,37808.0,4768.0,42576.0,all,2023-01-02 23:59:40.539208
510,2022-01-01,Kathmandu Living Labs,23,33,50059.0,17342.0,26460.0,43802.0,90368.0,34413.0,33135.0,67548.0,all,2023-01-02 23:59:40.539208
511,2022-01-01,"Unique Mappers Network, Nigeria",6,11,49902.0,12247.0,6923.0,19170.0,120395.0,26889.0,9134.0,36023.0,all,2023-01-02 23:59:40.539208
512,2022-01-01,YouthMappers,49,84,49831.0,20076.0,17086.0,37162.0,121005.0,41088.0,22531.0,63619.0,all,2023-01-02 23:59:40.539208
513,2022-01-01,Open Mapping Hub Asia-Pacific,26,27,46018.0,16357.0,8544.0,24901.0,48475.0,17303.0,8810.0,26113.0,all,2023-01-02 23:59:40.539208
514,2022-01-01,OSM Mauritania,7,8,39955.0,19124.0,6218.0,25342.0,41595.0,20069.0,6221.0,26290.0,all,2023-01-02 23:59:40.539208
515,2022-01-01,OSM Madagascar,8,13,39815.0,9871.0,4707.0,14578.0,40686.0,10376.0,4707.0,15083.0,all,2023-01-02 23:59:40.539208
516,2022-01-01,OSM South Sudan,8,16,39389.0,10461.0,3798.0,14259.0,47321.0,13611.0,4827.0,18438.0,all,2023-01-02 23:59:40.539208
517,2022-01-01,Tanzania Development Trust,30,45,37533.0,12644.0,12563.0,25207.0,86009.0,35316.0,17464.0,52780.0,all,2023-01-02 23:59:40.539208
518,2022-01-01,Union of Brazilian Mappers of OSM (UMBRAOSM),51,39,33666.0,18571.0,3131.0,21702.0,33666.0,18571.0,3131.0,21702.0,all,2023-01-02 23:59:40.539208
519,2022-01-01,OSM Libya,1,16,31790.0,15722.0,337.0,16059.0,76345.0,33238.0,5099.0,38337.0,all,2023-01-02 23:59:40.539208
520,2022-01-01,Geohazards Risk Mapping Initiative,2,6,29403.0,12041.0,3016.0,15057.0,40689.0,15356.0,4215.0,19571.0,all,2023-01-02 23:59:40.539208
521,2022-01-01,German Red Cross,8,19,29058.0,10006.0,6802.0,16808.0,91708.0,27655.0,16266.0,43921.0,all,2023-01-02 23:59:40.539208
522,2022-01-01,UN Mappers,57,57,25999.0,7428.0,2792.0,10220.0,37501.0,9776.0,3483.0,13259.0,all,2023-01-02 23:59:40.539208
523,2022-01-01,Youth Innovation Lab,18,45,25281.0,9992.0,7247.0,17239.0,51754.0,16445.0,8493.0,24938.0,all,2023-01-02 23:59:40.539208
524,2022-01-01,CartONG,28,36,22370.0,10186.0,8093.0,18279.0,25501.0,11714.0,8887.0,20601.0,all,2023-01-02 23:59:40.539208
525,2022-01-01,OpenMap Development Tanzania,12,46,21461.0,10598.0,6671.0,17269.0,56596.0,24810.0,12725.0,37535.0,all,2023-01-02 23:59:40.539208
526,2022-01-01,HOT Indonesia,39,40,21206.0,5568.0,5813.0,11381.0,33322.0,11192.0,6525.0,17717.0,all,2023-01-02 23:59:40.539208
527,2022-01-01,Operation Fistula,125,157,20253.0,9745.0,8381.0,18126.0,23196.0,11931.0,8883.0,20814.0,all,2023-01-02 23:59:40.539208
528,2022-01-01,OSM RDC,14,107,19561.0,8997.0,5822.0,14819.0,41090.0,18886.0,8743.0,27629.0,all,2023-01-02 23:59:40.539208
529,2022-01-01,OSM Brasil,30,40,19466.0,7273.0,3623.0,10896.0,25636.0,10369.0,3937.0,14306.0,all,2023-01-02 23:59:40.539208
530,2022-01-01,Meta,0,6,18508.0,15436.0,676.0,16112.0,27601.0,22190.0,814.0,23004.0,all,2023-01-02 23:59:40.539208
531,2022-01-01,Geomatics Engineering Society,17,21,17788.0,6272.0,3099.0,9371.0,18547.0,6505.0,3198.0,9703.0,all,2023-01-02 23:59:40.539208
532,2022-01-01,Kenya Red Cross,12,12,13675.0,7139.0,2206.0,9345.0,13675.0,7139.0,2206.0,9345.0,all,2023-01-02 23:59:40.539208
533,2022-01-01,OSM Zambia,8,10,12615.0,5667.0,5237.0,10904.0,15427.0,6654.0,5486.0,12140.0,all,2023-01-02 23:59:40.539208
534,2022-01-01,Action for Economic Reforms,2,15,12185.0,5534.0,2310.0,7844.0,13161.0,5865.0,2310.0,8175.0,all,2023-01-02 23:59:40.539208
535,2022-01-01,0,0,219,11848.0,4255.0,1599.0,5854.0,350630.0,103040.0,25851.0,128891.0,all,2023-01-02 23:59:40.539208
536,2022-01-01,OSM Mali,19,30,11578.0,3726.0,1821.0,5547.0,24718.0,10568.0,3288.0,13856.0,all,2023-01-02 23:59:40.539208
537,2022-01-01,American Red Cross,0,81,11470.0,1806.0,4664.0,6470.0,403205.0,133805.0,43333.0,177138.0,all,2023-01-02 23:59:40.539208
538,2022-01-01,NAXA,4,7,9208.0,1915.0,689.0,2604.0,11064.0,2327.0,724.0,3051.0,all,2023-01-02 23:59:40.539208
539,2022-01-01,MapBeks,1,12,8157.0,3582.0,2074.0,5656.0,26213.0,12489.0,5617.0,18106.0,all,2023-01-02 23:59:40.539208
540,2022-01-01,OSM Sri Lanka,5,20,7776.0,2943.0,69.0,3012.0,20410.0,7107.0,420.0,7527.0,all,2023-01-02 23:59:40.539208
541,2022-01-01,Spanish Red Cross,5,12,7459.0,3110.0,2383.0,5493.0,19808.0,8297.0,3601.0,11898.0,all,2023-01-02 23:59:40.539208
542,2022-01-01,OSM Philippines,5,8,6793.0,1992.0,706.0,2698.0,26841.0,9977.0,7214.0,17191.0,all,2023-01-02 23:59:40.539208
543,2022-01-01,OSM Colombia,2,9,6069.0,2474.0,771.0,3245.0,36676.0,10707.0,4272.0,14979.0,all,2023-01-02 23:59:40.539208
544,2022-01-01,OSM Arabia,20,9,6009.0,3014.0,1837.0,4851.0,6009.0,3014.0,1837.0,4851.0,all,2023-01-02 23:59:40.539208
545,2022-01-01,OSM Fiji,8,13,5892.0,1895.0,2303.0,4198.0,13730.0,6095.0,3242.0,9337.0,all,2023-01-02 23:59:40.539208
546,2022-01-01,Geosynapse Guinea,11,13,5537.0,2212.0,1279.0,3491.0,7222.0,2985.0,1396.0,4381.0,all,2023-01-02 23:59:40.539208
547,2022-01-01,Public Lab Mongolia,12,35,5311.0,3390.0,187.0,3577.0,14981.0,7614.0,830.0,8444.0,all,2023-01-02 23:59:40.539208
548,2022-01-01,British Red Cross,12,14,5202.0,1200.0,2170.0,3370.0,34888.0,13822.0,3150.0,16972.0,all,2023-01-02 23:59:40.539208
549,2022-01-01,OSM Kenya,2,7,5198.0,1172.0,1012.0,2184.0,17892.0,7042.0,3518.0,10560.0,all,2023-01-02 23:59:40.539208
550,2022-01-01,Namibia UST,0,4,5153.0,1847.0,818.0,2665.0,8610.0,3330.0,898.0,4228.0,all,2023-01-02 23:59:40.539208
551,2022-01-01,OSM Zimbabwe,3,3,5111.0,626.0,81.0,707.0,5111.0,626.0,81.0,707.0,all,2023-01-02 23:59:40.539208
552,2022-01-01,OSM Africa,9,8,5091.0,1535.0,400.0,1935.0,5091.0,1535.0,400.0,1935.0,all,2023-01-02 23:59:40.539208
553,2022-01-01,HOT Project Manager Trainees,1,24,5008.0,2120.0,814.0,2934.0,29630.0,8279.0,1476.0,9755.0,all,2023-01-02 23:59:40.539208
554,2022-01-01,Open Mapping Hub ESA,3,3,5004.0,2607.0,158.0,2765.0,5004.0,2607.0,158.0,2765.0,all,2023-01-02 23:59:40.539208
555,2022-01-01,HOT Disaster Services,8,8,4726.0,2095.0,1673.0,3768.0,4726.0,2095.0,1673.0,3768.0,all,2023-01-02 23:59:40.539208
556,2022-01-01,Help.NGO,5,2,4223.0,1615.0,629.0,2244.0,4223.0,1615.0,629.0,2244.0,all,2023-01-02 23:59:40.539208
557,2022-01-01,Missing Maps,0,6,4162.0,2116.0,28.0,2144.0,14580.0,6596.0,1472.0,8068.0,all,2023-01-02 23:59:40.539208
558,2022-01-01,Enugu State Water Corporation (ENSWC),4,3,4155.0,943.0,364.0,1307.0,4155.0,943.0,364.0,1307.0,all,2023-01-02 23:59:40.539208
559,2022-01-01,Mali Red Cross,1,2,4115.0,498.0,0.0,498.0,4194.0,505.0,0.0,505.0,all,2023-01-02 23:59:40.539208
560,2022-01-01,Other,0,49,4050.0,1272.0,788.0,2060.0,70671.0,21484.0,3986.0,25470.0,all,2023-01-02 23:59:40.539208
561,2022-01-01,OSM Ghana,1,14,3776.0,1694.0,1197.0,2891.0,11794.0,5368.0,2065.0,7433.0,all,2023-01-02 23:59:40.539208
562,2022-01-01,FAO Somalia,6,4,3725.0,1988.0,839.0,2827.0,3725.0,1988.0,839.0,2827.0,all,2023-01-02 23:59:40.539208
563,2022-01-01,Mozambican Red Cross,1,1,3582.0,1280.0,811.0,2091.0,3582.0,1280.0,811.0,2091.0,all,2023-01-02 23:59:40.539208
564,2022-01-01,OSM Niger,4,3,3504.0,1338.0,1384.0,2722.0,3504.0,1338.0,1384.0,2722.0,all,2023-01-02 23:59:40.539208
565,2022-01-01,GEOID,1,1,3441.0,1060.0,230.0,1290.0,3441.0,1060.0,230.0,1290.0,all,2023-01-02 23:59:40.539208
566,2022-01-01,OSM Kurdistan,8,8,3395.0,1222.0,369.0,1591.0,3395.0,1222.0,369.0,1591.0,all,2023-01-02 23:59:40.539208
567,2022-01-01,Spatial Collective,22,11,3353.0,1625.0,538.0,2163.0,3647.0,1776.0,592.0,2368.0,all,2023-01-02 23:59:40.539208
568,2022-01-01,Map Lesotho,8,11,3053.0,1545.0,446.0,1991.0,10421.0,5334.0,1938.0,7272.0,all,2023-01-02 23:59:40.539208
569,2022-01-01,IFRC,3,16,2781.0,864.0,178.0,1042.0,18553.0,7567.0,974.0,8541.0,all,2023-01-02 23:59:40.539208
570,2022-01-01,Little Earth,7,15,2780.0,1207.0,1117.0,2324.0,7638.0,3116.0,1742.0,4858.0,all,2023-01-02 23:59:40.539208
571,2022-01-01,Canoa de Tolda,1,3,2595.0,625.0,169.0,794.0,3544.0,891.0,224.0,1115.0,all,2023-01-02 23:59:40.539208
572,2022-01-01,OSM Egypt,5,5,2506.0,1044.0,622.0,1666.0,2506.0,1044.0,622.0,1666.0,all,2023-01-02 23:59:40.539208
573,2022-01-01,OSM SÃ©nÃ©gal,9,9,2394.0,1413.0,399.0,1812.0,2394.0,1413.0,399.0,1812.0,all,2023-01-02 23:59:40.539208
574,2022-01-01,Canadian Red Cross,3,3,2289.0,1002.0,628.0,1630.0,2289.0,1002.0,628.0,1630.0,all,2023-01-02 23:59:40.539208
575,2022-01-01,HOT Affiliates,1,4,2273.0,628.0,303.0,931.0,4781.0,1685.0,528.0,2213.0,all,2023-01-02 23:59:40.539208
576,2022-01-01,OSM CÃ´te d'Ivoire,7,8,2197.0,1411.0,173.0,1584.0,8869.0,2571.0,196.0,2767.0,all,2023-01-02 23:59:40.539208
577,2022-01-01,OSM Cameroon,4,3,2067.0,1389.0,293.0,1682.0,2067.0,1389.0,293.0,1682.0,all,2023-01-02 23:59:40.539208
578,2022-01-01,World Bank,8,6,2057.0,868.0,221.0,1089.0,2949.0,1116.0,302.0,1418.0,all,2023-01-02 23:59:40.539208
579,2022-01-01,Crisis Mappers Japan,2,5,1917.0,664.0,519.0,1183.0,2157.0,777.0,533.0,1310.0,all,2023-01-02 23:59:40.539208
580,2022-01-01,OSM Togo,13,17,1893.0,879.0,179.0,1058.0,4101.0,1947.0,250.0,2197.0,all,2023-01-02 23:59:40.539208
581,2022-01-01,OSM Sierra Leone,8,8,1861.0,1131.0,362.0,1493.0,2051.0,1229.0,362.0,1591.0,all,2023-01-02 23:59:40.539208
582,2022-01-01,OSM Liberia,5,7,1682.0,844.0,519.0,1363.0,2817.0,1435.0,568.0,2003.0,all,2023-01-02 23:59:40.539208
583,2022-01-01,FreeLocalMappers,1,8,1624.0,401.0,116.0,517.0,4836.0,2153.0,170.0,2323.0,all,2023-01-02 23:59:40.539208
584,2022-01-01,Uganda Red Cross,2,2,1594.0,1085.0,69.0,1154.0,1594.0,1085.0,69.0,1154.0,all,2023-01-02 23:59:40.539208
585,2022-01-01,OSM Morocco,8,8,1590.0,662.0,110.0,772.0,2439.0,937.0,112.0,1049.0,all,2023-01-02 23:59:40.539208
586,2022-01-01,Digital Mappers Dang,4,10,1583.0,703.0,497.0,1200.0,6901.0,3032.0,1362.0,4394.0,all,2023-01-02 23:59:40.539208
587,2022-01-01,World Vision,1,1,1440.0,450.0,0.0,450.0,1440.0,450.0,0.0,450.0,all,2023-01-02 23:59:40.539208
588,2022-01-01,INTEGRATION Consulting Group,0,4,1351.0,741.0,5.0,746.0,4805.0,1765.0,1058.0,2823.0,all,2023-01-02 23:59:40.539208
589,2022-01-01,Educate Girls,0,14,1256.0,415.0,8.0,423.0,103294.0,23507.0,7489.0,30996.0,all,2023-01-02 23:59:40.539208
590,2022-01-01,HOT Philippines,0,9,1232.0,529.0,360.0,889.0,28800.0,11078.0,5330.0,16408.0,all,2023-01-02 23:59:40.539208
591,2022-01-01,OSM India,2,7,1182.0,445.0,274.0,719.0,41309.0,14012.0,5641.0,19653.0,all,2023-01-02 23:59:40.539208
592,2022-01-01,OSM Malawi,2,2,1135.0,180.0,25.0,205.0,2123.0,679.0,29.0,708.0,all,2023-01-02 23:59:40.539208
593,2022-01-01,Clinton Health Access Initiative,40,29,1074.0,792.0,1.0,793.0,2195.0,1211.0,31.0,1242.0,all,2023-01-02 23:59:40.539208
594,2022-01-01,OSM Burkina Faso,2,8,1011.0,660.0,11.0,671.0,5056.0,2325.0,272.0,2597.0,all,2023-01-02 23:59:40.539208
595,2022-01-01,OSM Benin,4,5,1005.0,479.0,31.0,510.0,1291.0,726.0,39.0,765.0,all,2023-01-02 23:59:40.539208
596,2022-01-01,OSM Ukraine,1,6,975.0,549.0,150.0,699.0,7972.0,6078.0,923.0,7001.0,all,2023-01-02 23:59:40.539208
597,2022-01-01,Akros,2,5,884.0,318.0,11.0,329.0,1592.0,861.0,38.0,899.0,all,2023-01-02 23:59:40.539208
598,2022-01-01,OSM Rwanda,4,2,881.0,372.0,1.0,373.0,881.0,372.0,1.0,373.0,all,2023-01-02 23:59:40.539208
599,2022-01-01,OSM Namibia,1,2,811.0,509.0,41.0,550.0,2803.0,1033.0,44.0,1077.0,all,2023-01-02 23:59:40.539208
600,2022-01-01,Wales Community Mapping,0,6,717.0,198.0,412.0,610.0,1304.0,619.0,536.0,1155.0,all,2023-01-02 23:59:40.539208
601,2022-01-01,OSM Guinea,4,3,642.0,435.0,18.0,453.0,2954.0,1668.0,43.0,1711.0,all,2023-01-02 23:59:40.539208
602,2022-01-01,PeruGEO,2,4,640.0,236.0,22.0,258.0,1487.0,714.0,22.0,736.0,all,2023-01-02 23:59:40.539208
603,2022-01-01,OSM Ethiopia,7,7,554.0,236.0,160.0,396.0,554.0,236.0,160.0,396.0,all,2023-01-02 23:59:40.539208
604,2022-01-01,Indian Institute of Technology Delhi,0,10,502.0,53.0,0.0,53.0,720.0,62.0,0.0,62.0,all,2023-01-02 23:59:40.539208
605,2022-01-01,Spatial Ecology & Analysis Lab (SEAL),0,1,485.0,174.0,0.0,174.0,1207.0,433.0,8.0,441.0,all,2023-01-02 23:59:40.539208
606,2022-01-01,ByteXperience,0,1,433.0,129.0,8.0,137.0,1208.0,281.0,26.0,307.0,all,2023-01-02 23:59:40.539208
607,2022-01-01,Map4SaintLucia,1,1,404.0,273.0,0.0,273.0,404.0,273.0,0.0,273.0,all,2023-01-02 23:59:40.539208
608,2022-01-01,Map For Future,1,4,387.0,323.0,0.0,323.0,5118.0,3887.0,0.0,3887.0,all,2023-01-02 23:59:40.539208
609,2022-01-01,Laboratory on Experimental and Applied Geography,1,4,385.0,128.0,0.0,128.0,2377.0,719.0,94.0,813.0,all,2023-01-02 23:59:40.539208
610,2022-01-01,OSM Algeria,0,1,335.0,176.0,45.0,221.0,1008.0,328.0,75.0,403.0,all,2023-01-02 23:59:40.539208
611,2022-01-01,Deggendorf Institute of Technology,1,1,268.0,180.0,6.0,186.0,268.0,180.0,6.0,186.0,all,2023-01-02 23:59:40.539208
612,2022-01-01,United Nations,0,2,215.0,63.0,126.0,189.0,3114.0,1485.0,252.0,1737.0,all,2023-01-02 23:59:40.539208
613,2022-01-01,Kiribati Women in Mapping,0,1,205.0,30.0,82.0,112.0,1365.0,457.0,325.0,782.0,all,2023-01-02 23:59:40.539208
614,2022-01-01,MapGive,1,4,180.0,32.0,1.0,33.0,478.0,123.0,20.0,143.0,all,2023-01-02 23:59:40.539208
615,2022-01-01,Peace Corps,0,1,169.0,26.0,92.0,118.0,842.0,325.0,135.0,460.0,all,2023-01-02 23:59:40.539208
616,2022-01-01,OSM Chad,0,1,162.0,80.0,45.0,125.0,312.0,115.0,45.0,160.0,all,2023-01-02 23:59:40.539208
617,2022-01-01,Amara Hub,4,2,160.0,40.0,0.0,40.0,160.0,40.0,0.0,40.0,all,2023-01-02 23:59:40.539208
618,2022-01-01,IGSD Warwick,1,3,155.0,43.0,26.0,69.0,7556.0,1944.0,60.0,2004.0,all,2023-01-02 23:59:40.539208
619,2022-01-01,Pan American Development Foundation,0,1,141.0,0.0,75.0,75.0,1315.0,477.0,192.0,669.0,all,2023-01-02 23:59:40.539208
620,2022-01-01,Yer Cizenler,1,4,139.0,97.0,4.0,101.0,38136.0,9744.0,3227.0,12971.0,all,2023-01-02 23:59:40.539208
621,2022-01-01,University of Å½ilina,1,1,139.0,98.0,0.0,98.0,139.0,98.0,0.0,98.0,all,2023-01-02 23:59:40.539208
622,2022-01-01,Kaart,0,21,104.0,47.0,12.0,59.0,7741.0,5545.0,620.0,6165.0,all,2023-01-02 23:59:40.539208
623,2022-01-01,GeolabUdea,0,3,100.0,17.0,6.0,23.0,1628.0,356.0,13.0,369.0,all,2023-01-02 23:59:40.539208
624,2022-01-01,Map Kibera,0,3,98.0,53.0,0.0,53.0,1110.0,535.0,75.0,610.0,all,2023-01-02 23:59:40.539208
625,2022-01-01,MapRI Initiative Uganda,4,2,73.0,17.0,0.0,17.0,73.0,17.0,0.0,17.0,all,2023-01-02 23:59:40.539208
626,2022-01-01,Concern Worldwide,0,1,55.0,20.0,7.0,27.0,712.0,166.0,45.0,211.0,all,2023-01-02 23:59:40.539208
627,2022-01-01,HOT Uganda,0,2,50.0,14.0,19.0,33.0,1007.0,301.0,34.0,335.0,all,2023-01-02 23:59:40.539208
628,2022-01-01,UP NOAH,0,3,44.0,13.0,1.0,14.0,4090.0,2137.0,165.0,2302.0,all,2023-01-02 23:59:40.539208
629,2022-01-01,OSM South Africa,0,1,42.0,6.0,15.0,21.0,1056.0,501.0,131.0,632.0,all,2023-01-02 23:59:40.539208
630,2022-01-01,PEPFAR,0,1,36.0,4.0,0.0,4.0,2929.0,1193.0,17.0,1210.0,all,2023-01-02 23:59:40.539208
631,2022-01-01,UN OCHA,0,1,34.0,4.0,9.0,13.0,1031.0,259.0,11.0,270.0,all,2023-01-02 23:59:40.539208
632,2022-01-01,OSM Somalia,0,1,33.0,1.0,20.0,21.0,1519.0,937.0,433.0,1370.0,all,2023-01-02 23:59:40.539208
633,2022-01-01,Bridges to Prosperity,0,1,25.0,17.0,0.0,17.0,1450.0,568.0,326.0,894.0,all,2023-01-02 23:59:40.539208
634,2022-01-01,GeoPune,4,2,24.0,10.0,0.0,10.0,24.0,10.0,0.0,10.0,all,2023-01-02 23:59:40.539208
635,2022-01-01,UN Habitat,0,1,23.0,6.0,2.0,8.0,1654.0,341.0,172.0,513.0,all,2023-01-02 23:59:40.539208
636,2022-01-01,Geochicas,0,1,19.0,0.0,5.0,5.0,908.0,282.0,162.0,444.0,all,2023-01-02 23:59:40.539208
637,2022-01-01,Practical Action Bolivia,0,2,15.0,1.0,0.0,1.0,1656.0,620.0,245.0,865.0,all,2023-01-02 23:59:40.539208
638,2022-01-01,Grab,0,1,6.0,4.0,0.0,4.0,2586.0,745.0,111.0,856.0,all,2023-01-02 23:59:40.539208
639,2022-01-01,iMMAP,0,1,5.0,0.0,4.0,4.0,356.0,170.0,94.0,264.0,all,2023-01-02 23:59:40.539208
640,2022-01-01,OSM Gabon,1,1,2.0,0.0,0.0,0.0,2.0,0.0,0.0,0.0,all,2023-01-02 23:59:40.539208
641,2022-01-01,Himalayan University Consortium (HUC),2,1,1.0,0.0,0.0,0.0,1.0,0.0,0.0,0.0,all,2023-01-02 23:59:40.539208
642,2022-01-01,Engineers Without Borders Sweden,1,1,1.0,0.0,0.0,0.0,1.0,0.0,0.0,0.0,all,2023-01-02 23:59:40.539208
643,2022-01-01,MapTime,0,1,1.0,0.0,0.0,0.0,960.0,419.0,81.0,500.0,all,2023-01-02 23:59:40.539208
644,2022-01-01,USAID,0,1,1.0,0.0,0.0,0.0,142.0,26.0,0.0,26.0,all,2023-01-02 23:59:40.539208
645,2023-01-01,HOT,17,26,1211.0,580.0,490.0,1070.0,59664.0,21412.0,4782.0,26194.0,all,2023-01-02 23:59:40.539208
646,2023-01-01,MÃ©decins Sans FrontiÃ¨res (MSF) ,0,12,590.0,216.0,339.0,555.0,16408.0,7478.0,2650.0,10128.0,all,2023-01-02 23:59:40.539208
647,2023-01-01,OSM Zimbabwe,0,2,543.0,97.0,52.0,149.0,5585.0,721.0,133.0,854.0,all,2023-01-02 23:59:40.539208
648,2023-01-01,OSM Arabia,0,3,211.0,65.0,140.0,205.0,1368.0,860.0,377.0,1237.0,all,2023-01-02 23:59:40.539208
649,2023-01-01,HOT Indonesia,0,12,193.0,120.0,19.0,139.0,10094.0,3184.0,615.0,3799.0,all,2023-01-02 23:59:40.539208
650,2023-01-01,OSM Egypt,1,5,188.0,63.0,105.0,168.0,1974.0,743.0,377.0,1120.0,all,2023-01-02 23:59:40.539208
651,2023-01-01,Tanzania Development Trust,0,4,170.0,112.0,24.0,136.0,3539.0,1609.0,1024.0,2633.0,all,2023-01-02 23:59:40.539208
652,2023-01-01,Union of Brazilian Mappers of OSM (UMBRAOSM),0,3,169.0,43.0,106.0,149.0,7255.0,5247.0,1185.0,6432.0,all,2023-01-02 23:59:40.539208
653,2023-01-01,CartONG,0,2,160.0,75.0,68.0,143.0,2543.0,1172.0,793.0,1965.0,all,2023-01-02 23:59:40.539208
654,2023-01-01,Open Mapping Hub Asia-Pacific,0,7,146.0,51.0,62.0,113.0,16847.0,6060.0,2597.0,8657.0,all,2023-01-02 23:59:40.539208
655,2023-01-01,Geohazards Risk Mapping Initiative,0,2,115.0,70.0,0.0,70.0,28936.0,11706.0,2639.0,14345.0,all,2023-01-02 23:59:40.539208
656,2023-01-01,OSM Togo,0,2,109.0,40.0,61.0,101.0,565.0,383.0,66.0,449.0,all,2023-01-02 23:59:40.539208
657,2023-01-01,Digital Mappers Dang,0,3,77.0,18.0,21.0,39.0,1930.0,843.0,509.0,1352.0,all,2023-01-02 23:59:40.539208
658,2023-01-01,UN Mappers,0,4,62.0,16.0,24.0,40.0,4868.0,1111.0,438.0,1549.0,all,2023-01-02 23:59:40.539208
659,2023-01-01,Kathmandu Living Labs,0,3,48.0,38.0,0.0,38.0,26945.0,11067.0,5809.0,16876.0,all,2023-01-02 23:59:40.539208
660,2023-01-01,OSM Morocco,0,1,37.0,34.0,0.0,34.0,401.0,190.0,65.0,255.0,all,2023-01-02 23:59:40.539208
661,2023-01-01,Youth Innovation Lab,0,4,33.0,0.0,22.0,22.0,4591.0,1700.0,649.0,2349.0,all,2023-01-02 23:59:40.539208
662,2023-01-01,OSM Cameroon,0,2,33.0,9.0,11.0,20.0,1658.0,1004.0,276.0,1280.0,all,2023-01-02 23:59:40.539208
663,2023-01-01,IFRC,0,3,33.0,21.0,0.0,21.0,7605.0,3228.0,456.0,3684.0,all,2023-01-02 23:59:40.539208
664,2023-01-01,NAXA,0,1,29.0,4.0,0.0,4.0,7571.0,1505.0,654.0,2159.0,all,2023-01-02 23:59:40.539208
665,2023-01-01,Map Lesotho,0,1,28.0,28.0,0.0,28.0,1473.0,1196.0,0.0,1196.0,all,2023-01-02 23:59:40.539208
666,2023-01-01,OSM Brasil,1,1,25.0,24.0,0.0,24.0,25.0,24.0,0.0,24.0,all,2023-01-02 23:59:40.539208
667,2023-01-01,Open Mapping Hub ESA,0,1,25.0,17.0,0.0,17.0,3995.0,1903.0,48.0,1951.0,all,2023-01-02 23:59:40.539208
668,2023-01-01,Geosynapse Guinea,0,1,23.0,0.0,0.0,0.0,646.0,233.0,152.0,385.0,all,2023-01-02 23:59:40.539208
669,2023-01-01,Geomatics Engineering Society,0,1,22.0,20.0,0.0,20.0,38.0,27.0,0.0,27.0,all,2023-01-02 23:59:40.539208
670,2023-01-01,YouthMappers,0,3,20.0,19.0,0.0,19.0,1054.0,783.0,88.0,871.0,all,2023-01-02 23:59:40.539208
671,2023-01-01,OSM Bangladesh,0,2,19.0,7.0,0.0,7.0,34808.0,10414.0,3495.0,13909.0,all,2023-01-02 23:59:40.539208
672,2023-01-01,OSM Libya,0,3,18.0,8.0,0.0,8.0,34710.0,13180.0,389.0,13569.0,all,2023-01-02 23:59:40.539208
673,2023-01-01,Map4SaintLucia,0,1,18.0,17.0,0.0,17.0,422.0,290.0,0.0,290.0,all,2023-01-02 23:59:40.539208
674,2023-01-01,OSM Africa,0,3,16.0,14.0,0.0,14.0,2983.0,647.0,121.0,768.0,all,2023-01-02 23:59:40.539208
675,2023-01-01,OSM Colombia,0,2,16.0,2.0,0.0,2.0,3383.0,1165.0,761.0,1926.0,all,2023-01-02 23:59:40.539208
676,2023-01-01,OSM Sri Lanka,0,2,16.0,13.0,0.0,13.0,4867.0,1565.0,176.0,1741.0,all,2023-01-02 23:59:40.539208
677,2023-01-01,Spanish Red Cross,0,2,14.0,0.0,12.0,12.0,755.0,386.0,17.0,403.0,all,2023-01-02 23:59:40.539208
678,2023-01-01,"Unique Mappers Network, Nigeria",0,1,14.0,6.0,0.0,6.0,36514.0,7672.0,1567.0,9239.0,all,2023-01-02 23:59:40.539208
679,2023-01-01,OSM Fiji,0,2,12.0,8.0,3.0,11.0,5351.0,2059.0,1704.0,3763.0,all,2023-01-02 23:59:40.539208
680,2023-01-01,Other,0,2,11.0,2.0,9.0,11.0,5061.0,2291.0,357.0,2648.0,all,2023-01-02 23:59:40.539208
681,2023-01-01,OSM Rwanda,0,1,11.0,4.0,0.0,4.0,852.0,359.0,1.0,360.0,all,2023-01-02 23:59:40.539208
682,2023-01-01,German Red Cross,0,2,11.0,0.0,11.0,11.0,7369.0,3064.0,461.0,3525.0,all,2023-01-02 23:59:40.539208
683,2023-01-01,OSM RDC,0,1,9.0,8.0,0.0,8.0,258.0,155.0,26.0,181.0,all,2023-01-02 23:59:40.539208
684,2023-01-01,Little Earth,0,2,7.0,0.0,5.0,5.0,2365.0,786.0,191.0,977.0,all,2023-01-02 23:59:40.539208
685,2023-01-01,OSM CÃ´te d'Ivoire,0,1,6.0,1.0,0.0,1.0,219.0,134.0,0.0,134.0,all,2023-01-02 23:59:40.539208
686,2023-01-01,MapBeks,0,1,6.0,5.0,0.0,5.0,1473.0,610.0,107.0,717.0,all,2023-01-02 23:59:40.539208
687,2023-01-01,Action for Economic Reforms,0,1,4.0,0.0,4.0,4.0,915.0,534.0,6.0,540.0,all,2023-01-02 23:59:40.539208
688,2023-01-01,OSM Mauritania,0,1,4.0,4.0,0.0,4.0,5146.0,4245.0,190.0,4435.0,all,2023-01-02 23:59:40.539208
689,2023-01-01,OSM Kenya,0,2,3.0,2.0,0.0,2.0,2441.0,525.0,64.0,589.0,all,2023-01-02 23:59:40.539208
690,2023-01-01,OpenMap Development Tanzania,0,1,3.0,2.0,0.0,2.0,6504.0,3714.0,1789.0,5503.0,all,2023-01-02 23:59:40.539208
691,2023-01-01,MapUganda,0,2,3.0,1.0,0.0,1.0,1215.0,622.0,322.0,944.0,all,2023-01-02 23:59:40.539208
692,2023-01-01,Indian Institute of Technology Delhi,0,1,2.0,1.0,0.0,1.0,38.0,4.0,0.0,4.0,all,2023-01-02 23:59:40.539208
693,2023-01-01,Uganda Red Cross,0,1,2.0,0.0,0.0,0.0,791.0,445.0,15.0,460.0,all,2023-01-02 23:59:40.539208
694,2023-01-01,OSM Benin,0,1,2.0,0.0,0.0,0.0,55.0,9.0,0.0,9.0,all,2023-01-02 23:59:40.539208
695,2023-01-01,Kiribati Women in Mapping,0,1,2.0,0.0,0.0,0.0,1367.0,457.0,325.0,782.0,all,2023-01-02 23:59:40.539208
696,2023-01-01,ByteXperience,0,1,1.0,0.0,0.0,0.0,1209.0,281.0,26.0,307.0,all,2023-01-02 23:59:40.539208
697,2023-01-01,OSM SÃ©nÃ©gal,0,1,1.0,0.0,0.0,0.0,250.0,78.0,58.0,136.0,all,2023-01-02 23:59:40.539208
698,2023-01-01,Netherlands Red Cross,0,1,1.0,0.0,0.0,0.0,76796.0,25630.0,627.0,26257.0,all,2023-01-02 23:59:40.539208
699,2023-01-01,MapGive,0,1,1.0,0.0,0.0,0.0,355.0,70.0,5.0,75.0,all,2023-01-02 23:59:40.539208
700,2023-01-01,HOT Philippines,0,1,1.0,0.0,0.0,0.0,571.0,136.0,2.0,138.0,all,2023-01-02 23:59:40.539208
701,2023-01-01,GeolabUdea,0,1,1.0,0.0,0.0,0.0,264.0,71.0,6.0,77.0,all,2023-01-02 23:59:40.539208
702,2023-01-01,FreeLocalMappers,0,1,1.0,0.0,0.0,0.0,465.0,200.0,33.0,233.0,all,2023-01-02 23:59:40.539208
